[2026-07-20 22:26:19]   [AAPL] page=0 candles=120 more='0' next='1' nrec='120' rsym='DNASAAPL'
[2026-07-20 22:26:20] [AAPL] page=1 attempt=1 요청 예외: 500 Server Error: Internal Server Error for url: https://openapi.koreainvestment.com:9443/uapi/overseas-price/v1/quotations/inquire-time-itemchartprice?AUTH=&EXCD=NAS&SYMB=AAPL&NMIN=30&PINC=1&NEXT=1&NREC=120&FILL=&KEYB=20260715020000
[2026-07-20 22:26:20] [AAPL] page=1 attempt=1 실패: 요청 예외
[2026-07-20 22:26:22]   [AAPL] page=1 candles=120 more='0' next='1' nrec='120' rsym='DNASAAPL'
[2026-07-20 22:26:22]   [AAPL] page=2 candles=120 more='0' next='1' nrec='120' rsym='DNASAAPL'
[2026-07-20 22:26:23]   [AAPL] page=3 candles=120 more='0' next='1' nrec='120' rsym='DNASAAPL'
[2026-07-20 22:26:23] [AAPL] page=4 attempt=1 요청 예외: 500 Server Error: Internal Server Error for url: https://openapi.koreainvestment.com:9443/uapi/overseas-price/v1/quotations/inquire-time-itemchartprice?AUTH=&EXCD=NAS&SYMB=AAPL&NMIN=30&PINC=1&NEXT=1&NREC=120&FILL=&KEYB=20260630203000
[2026-07-20 22:26:23] [AAPL] page=4 attempt=1 실패: 요청 예외
[2026-07-20 22:26:25]   [AAPL] page=4 candles=120 more='0' next='1' nrec='120' rsym='DNASAAPL'
[2026-07-20 22:26:26]   [AAPL] page=5 candles=120 more='0' next='1' nrec='120' rsym='DNASAAPL'
[2026-07-20 22:26:26]   [AAPL] page=6 candles=32 more='0' next='0' nrec='32' rsym='DNASAAPL'
[2026-07-20 22:26:27]   [ABNB] page=0 candles=120 more='0' next='1' nrec='120' rsym='DNASABNB'
[2026-07-20 22:26:27]   [ABNB] page=1 candles=120 more='0' next='1' nrec='120' rsym='DNASABNB'
[2026-07-20 22:26:28]   [ABNB] page=2 candles=120 more='0' next='1' nrec='120' rsym='DNASABNB'
[2026-07-20 22:26:28] [ABNB] page=3 attempt=1 요청 예외: 500 Server Error: Internal Server Error for url: https://openapi.koreainvestment.com:9443/uapi/overseas-price/v1/quotations/inquire-time-itemchartprice?AUTH=&EXCD=NAS&SYMB=ABNB&NMIN=30&PINC=1&NEXT=1&NREC=120&FILL=&KEYB=20260702063000
[2026-07-20 22:26:28] [ABNB] page=3 attempt=1 실패: 요청 예외
[2026-07-20 22:26:30]   [ABNB] page=3 candles=120 more='0' next='1' nrec='120' rsym='DNASABNB'
[2026-07-20 22:26:31]   [ABNB] page=4 candles=120 more='0' next='1' nrec='120' rsym='DNASABNB'
[2026-07-20 22:26:31] [ABNB] page=5 attempt=1 요청 예외: 500 Server Error: Internal Server Error for url: https://openapi.koreainvestment.com:9443/uapi/overseas-price/v1/quotations/inquire-time-itemchartprice?AUTH=&EXCD=NAS&SYMB=ABNB&NMIN=30&PINC=1&NEXT=1&NREC=120&FILL=&KEYB=20260623050000
[2026-07-20 22:26:31] [ABNB] page=5 attempt=1 실패: 요청 예외
[2026-07-20 22:26:33]   [ABNB] page=5 candles=35 more='0' next='0' nrec='35' rsym='DNASABNB'
[2026-07-20 22:26:34]   [ADBE] page=0 candles=120 more='0' next='1' nrec='120' rsym='DNASADBE'
[2026-07-20 22:26:35]   [ADBE] page=1 candles=120 more='0' next='1' nrec='120' rsym='DNASADBE'
[2026-07-20 22:26:35] [ADBE] page=2 attempt=1 요청 예외: 500 Server Error: Internal Server Error for url: https://openapi.koreainvestment.com:9443/uapi/overseas-price/v1/quotations/inquire-time-itemchartprice?AUTH=&EXCD=NAS&SYMB=ADBE&NMIN=30&PINC=1&NEXT=1&NREC=120&FILL=&KEYB=20260709203000
[2026-07-20 22:26:35] [ADBE] page=2 attempt=1 실패: 요청 예외
[2026-07-20 22:26:37]   [ADBE] page=2 candles=120 more='0' next='1' nrec='120' rsym='DNASADBE'
[2026-07-20 22:26:38]   [ADBE] page=3 candles=120 more='0' next='1' nrec='120' rsym='DNASADBE'
[2026-07-20 22:26:38] [ADBE] page=4 attempt=1 요청 예외: 500 Server Error: Internal Server Error for url: https://openapi.koreainvestment.com:9443/uapi/overseas-price/v1/quotations/inquire-time-itemchartprice?AUTH=&EXCD=NAS&SYMB=ADBE&NMIN=30&PINC=1&NEXT=1&NREC=120&FILL=&KEYB=20260630203000
[2026-07-20 22:26:38] [ADBE] page=4 attempt=1 실패: 요청 예외
[2026-07-20 22:26:40]   [ADBE] page=4 candles=120 more='0' next='1' nrec='120' rsym='DNASADBE'
[2026-07-20 22:26:41]   [ADBE] page=5 candles=120 more='0' next='1' nrec='120' rsym='DNASADBE'
[2026-07-20 22:26:41] [ADBE] page=6 attempt=1 요청 예외: 500 Server Error: Internal Server Error for url: https://openapi.koreainvestment.com:9443/uapi/overseas-price/v1/quotations/inquire-time-itemchartprice?AUTH=&EXCD=NAS&SYMB=ADBE&NMIN=30&PINC=1&NEXT=1&NREC=120&FILL=&KEYB=20260622203000
[2026-07-20 22:26:41] [ADBE] page=6 attempt=1 실패: 요청 예외
[2026-07-20 22:26:43]   [ADBE] page=6 candles=32 more='0' next='0' nrec='32' rsym='DNASADBE'
[2026-07-20 22:26:44]   [ADI] page=0 candles=120 more='0' next='1' nrec='120' rsym='DNASADI'
[2026-07-20 22:26:45]   [ADI] page=1 candles=120 more='0' next='1' nrec='120' rsym='DNASADI'
[2026-07-20 22:26:45]   [ADI] page=2 candles=120 more='0' next='1' nrec='120' rsym='DNASADI'
[2026-07-20 22:26:45] [ADI] page=3 attempt=1 요청 예외: 500 Server Error: Internal Server Error for url: https://openapi.koreainvestment.com:9443/uapi/overseas-price/v1/quotations/inquire-time-itemchartprice?AUTH=&EXCD=NAS&SYMB=ADI&NMIN=30&PINC=1&NEXT=1&NREC=120&FILL=&KEYB=20260706193000
[2026-07-20 22:26:45] [ADI] page=3 attempt=1 실패: 요청 예외
[2026-07-20 22:26:47]   [ADI] page=3 candles=120 more='0' next='1' nrec='120' rsym='DNASADI'
[2026-07-20 22:26:48]   [ADI] page=4 candles=120 more='0' next='1' nrec='120' rsym='DNASADI'
[2026-07-20 22:26:48] [ADI] page=5 attempt=1 요청 예외: 500 Server Error: Internal Server Error for url: https://openapi.koreainvestment.com:9443/uapi/overseas-price/v1/quotations/inquire-time-itemchartprice?AUTH=&EXCD=NAS&SYMB=ADI&NMIN=30&PINC=1&NEXT=1&NREC=120&FILL=&KEYB=20260625203000
[2026-07-20 22:26:48] [ADI] page=5 attempt=1 실패: 요청 예외
[2026-07-20 22:26:50]   [ADI] page=5 candles=120 more='0' next='1' nrec='120' rsym='DNASADI'
[2026-07-20 22:26:51]   [ADI] page=6 candles=32 more='0' next='0' nrec='32' rsym='DNASADI'
[2026-07-20 22:26:52]   [ADP] page=0 candles=120 more='0' next='1' nrec='120' rsym='DNASADP'
[2026-07-20 22:26:52]   [ADP] page=1 candles=120 more='0' next='1' nrec='120' rsym='DNASADP'
[2026-07-20 22:26:52]   [ADP] page=2 candles=120 more='0' next='1' nrec='120' rsym='DNASADP'
[2026-07-20 22:26:53]   [ADP] page=3 candles=120 more='0' next='1' nrec='120' rsym='DNASADP'
[2026-07-20 22:26:53] [ADP] page=4 attempt=1 요청 예외: 500 Server Error: Internal Server Error for url: https://openapi.koreainvestment.com:9443/uapi/overseas-price/v1/quotations/inquire-time-itemchartprice?AUTH=&EXCD=NAS&SYMB=ADP&NMIN=30&PINC=1&NEXT=1&NREC=120&FILL=&KEYB=20260624233000
[2026-07-20 22:26:53] [ADP] page=4 attempt=1 실패: 요청 예외
[2026-07-20 22:26:55]   [ADP] page=4 candles=80 more='0' next='0' nrec='80' rsym='DNASADP'
[2026-07-20 22:26:56]   [ADSK] page=0 candles=120 more='0' next='1' nrec='120' rsym='DNASADSK'
[2026-07-20 22:26:57]   [ADSK] page=1 candles=120 more='0' next='1' nrec='120' rsym='DNASADSK'
[2026-07-20 22:26:57] [ADSK] page=2 attempt=1 요청 예외: 500 Server Error: Internal Server Error for url: https://openapi.koreainvestment.com:9443/uapi/overseas-price/v1/quotations/inquire-time-itemchartprice?AUTH=&EXCD=NAS&SYMB=ADSK&NMIN=30&PINC=1&NEXT=1&NREC=120&FILL=&KEYB=20260709063000
[2026-07-20 22:26:57] [ADSK] page=2 attempt=1 실패: 요청 예외
[2026-07-20 22:26:59]   [ADSK] page=2 candles=120 more='0' next='1' nrec='120' rsym='DNASADSK'
[2026-07-20 22:27:00]   [ADSK] page=3 candles=120 more='0' next='1' nrec='120' rsym='DNASADSK'
[2026-07-20 22:27:00] [ADSK] page=4 attempt=1 요청 예외: 500 Server Error: Internal Server Error for url: https://openapi.koreainvestment.com:9443/uapi/overseas-price/v1/quotations/inquire-time-itemchartprice?AUTH=&EXCD=NAS&SYMB=ADSK&NMIN=30&PINC=1&NEXT=1&NREC=120&FILL=&KEYB=20260627073000
[2026-07-20 22:27:00] [ADSK] page=4 attempt=1 실패: 요청 예외
[2026-07-20 22:27:02]   [ADSK] page=4 candles=120 more='0' next='1' nrec='120' rsym='DNASADSK'
[2026-07-20 22:27:03]   [ADSK] page=5 candles=62 more='0' next='0' nrec='62' rsym='DNASADSK'
[2026-07-20 22:27:04]   [AEP] page=0 candles=120 more='0' next='1' nrec='120' rsym='DNASAEP'
[2026-07-20 22:27:04]   [AEP] page=1 candles=120 more='0' next='1' nrec='120' rsym='DNASAEP'
[2026-07-20 22:27:04] [AEP] page=2 attempt=1 요청 예외: 500 Server Error: Internal Server Error for url: https://openapi.koreainvestment.com:9443/uapi/overseas-price/v1/quotations/inquire-time-itemchartprice?AUTH=&EXCD=NAS&SYMB=AEP&NMIN=30&PINC=1&NEXT=1&NREC=120&FILL=&KEYB=20260708013000
[2026-07-20 22:27:04] [AEP] page=2 attempt=1 실패: 요청 예외
[2026-07-20 22:27:07]   [AEP] page=2 candles=120 more='0' next='1' nrec='120' rsym='DNASAEP'
[2026-07-20 22:27:07] [AEP] page=3 attempt=1 요청 예외: 500 Server Error: Internal Server Error for url: https://openapi.koreainvestment.com:9443/uapi/overseas-price/v1/quotations/inquire-time-itemchartprice?AUTH=&EXCD=NAS&SYMB=AEP&NMIN=30&PINC=1&NEXT=1&NREC=120&FILL=&KEYB=20260701040000
[2026-07-20 22:27:07] [AEP] page=3 attempt=1 실패: 요청 예외
[2026-07-20 22:27:09]   [AEP] page=3 candles=120 more='0' next='1' nrec='120' rsym='DNASAEP'
[2026-07-20 22:27:10]   [AEP] page=4 candles=113 more='0' next='0' nrec='113' rsym='DNASAEP'
[2026-07-20 22:27:11]   [ALNY] page=0 candles=120 more='0' next='1' nrec='120' rsym='DNASALNY'
[2026-07-20 22:27:11]   [ALNY] page=1 candles=120 more='0' next='1' nrec='120' rsym='DNASALNY'
[2026-07-20 22:27:11] [ALNY] page=2 attempt=1 요청 예외: 500 Server Error: Internal Server Error for url: https://openapi.koreainvestment.com:9443/uapi/overseas-price/v1/quotations/inquire-time-itemchartprice?AUTH=&EXCD=NAS&SYMB=ALNY&NMIN=30&PINC=1&NEXT=1&NREC=120&FILL=&KEYB=20260708040000
[2026-07-20 22:27:11] [ALNY] page=2 attempt=1 실패: 요청 예외
[2026-07-20 22:27:14]   [ALNY] page=2 candles=120 more='0' next='1' nrec='120' rsym='DNASALNY'
[2026-07-20 22:27:14] [ALNY] page=3 attempt=1 요청 예외: 500 Server Error: Internal Server Error for url: https://openapi.koreainvestment.com:9443/uapi/overseas-price/v1/quotations/inquire-time-itemchartprice?AUTH=&EXCD=NAS&SYMB=ALNY&NMIN=30&PINC=1&NEXT=1&NREC=120&FILL=&KEYB=20260701003000
[2026-07-20 22:27:14] [ALNY] page=3 attempt=1 실패: 요청 예외
[2026-07-20 22:27:16]   [ALNY] page=3 candles=120 more='0' next='1' nrec='120' rsym='DNASALNY'
[2026-07-20 22:27:16]   [ALNY] page=4 candles=70 more='0' next='0' nrec='70' rsym='DNASALNY'
[2026-07-20 22:27:17]   [AMAT] page=0 candles=120 more='0' next='1' nrec='120' rsym='DNASAMAT'
[2026-07-20 22:27:18]   [AMAT] page=1 candles=120 more='0' next='1' nrec='120' rsym='DNASAMAT'
[2026-07-20 22:27:18] [AMAT] page=2 attempt=1 요청 예외: 500 Server Error: Internal Server Error for url: https://openapi.koreainvestment.com:9443/uapi/overseas-price/v1/quotations/inquire-time-itemchartprice?AUTH=&EXCD=NAS&SYMB=AMAT&NMIN=30&PINC=1&NEXT=1&NREC=120&FILL=&KEYB=20260709203000
[2026-07-20 22:27:18] [AMAT] page=2 attempt=1 실패: 요청 예외
[2026-07-20 22:27:20]   [AMAT] page=2 candles=120 more='0' next='1' nrec='120' rsym='DNASAMAT'
[2026-07-20 22:27:21] [AMAT] page=3 attempt=1 요청 예외: 500 Server Error: Internal Server Error for url: https://openapi.koreainvestment.com:9443/uapi/overseas-price/v1/quotations/inquire-time-itemchartprice?AUTH=&EXCD=NAS&SYMB=AMAT&NMIN=30&PINC=1&NEXT=1&NREC=120&FILL=&KEYB=20260706203000
[2026-07-20 22:27:21] [AMAT] page=3 attempt=1 실패: 요청 예외
[2026-07-20 22:27:23]   [AMAT] page=3 candles=120 more='0' next='1' nrec='120' rsym='DNASAMAT'
[2026-07-20 22:27:23]   [AMAT] page=4 candles=120 more='0' next='1' nrec='120' rsym='DNASAMAT'
[2026-07-20 22:27:24] [AMAT] page=5 attempt=1 요청 예외: 500 Server Error: Internal Server Error for url: https://openapi.koreainvestment.com:9443/uapi/overseas-price/v1/quotations/inquire-time-itemchartprice?AUTH=&EXCD=NAS&SYMB=AMAT&NMIN=30&PINC=1&NEXT=1&NREC=120&FILL=&KEYB=20260625203000
[2026-07-20 22:27:24] [AMAT] page=5 attempt=1 실패: 요청 예외
[2026-07-20 22:27:26]   [AMAT] page=5 candles=120 more='0' next='1' nrec='120' rsym='DNASAMAT'
[2026-07-20 22:27:26]   [AMAT] page=6 candles=32 more='0' next='0' nrec='32' rsym='DNASAMAT'
[2026-07-20 22:27:27]   [AMD] page=0 candles=120 more='0' next='1' nrec='120' rsym='DNASAMD'
[2026-07-20 22:27:28]   [AMD] page=1 candles=120 more='0' next='1' nrec='120' rsym='DNASAMD'
[2026-07-20 22:27:28] [AMD] page=2 attempt=1 요청 예외: 500 Server Error: Internal Server Error for url: https://openapi.koreainvestment.com:9443/uapi/overseas-price/v1/quotations/inquire-time-itemchartprice?AUTH=&EXCD=NAS&SYMB=AMD&NMIN=30&PINC=1&NEXT=1&NREC=120&FILL=&KEYB=20260709203000
[2026-07-20 22:27:28] [AMD] page=2 attempt=1 실패: 요청 예외
[2026-07-20 22:27:30]   [AMD] page=2 candles=120 more='0' next='1' nrec='120' rsym='DNASAMD'
[2026-07-20 22:27:31]   [AMD] page=3 candles=120 more='0' next='1' nrec='120' rsym='DNASAMD'
[2026-07-20 22:27:31] [AMD] page=4 attempt=1 요청 예외: 500 Server Error: Internal Server Error for url: https://openapi.koreainvestment.com:9443/uapi/overseas-price/v1/quotations/inquire-time-itemchartprice?AUTH=&EXCD=NAS&SYMB=AMD&NMIN=30&PINC=1&NEXT=1&NREC=120&FILL=&KEYB=20260630203000
[2026-07-20 22:27:31] [AMD] page=4 attempt=1 실패: 요청 예외
[2026-07-20 22:27:33]   [AMD] page=4 candles=120 more='0' next='1' nrec='120' rsym='DNASAMD'
[2026-07-20 22:27:33]   [AMD] page=5 candles=120 more='0' next='1' nrec='120' rsym='DNASAMD'
[2026-07-20 22:27:34]   [AMD] page=6 candles=32 more='0' next='0' nrec='32' rsym='DNASAMD'
[2026-07-20 22:27:35]   [AMGN] page=0 candles=120 more='0' next='1' nrec='120' rsym='DNASAMGN'
[2026-07-20 22:27:35]   [AMGN] page=1 candles=120 more='0' next='1' nrec='120' rsym='DNASAMGN'
[2026-07-20 22:27:35]   [AMGN] page=2 candles=120 more='0' next='1' nrec='120' rsym='DNASAMGN'
[2026-07-20 22:27:36]   [AMGN] page=3 candles=120 more='0' next='1' nrec='120' rsym='DNASAMGN'
[2026-07-20 22:27:36] [AMGN] page=4 attempt=1 요청 예외: 500 Server Error: Internal Server Error for url: https://openapi.koreainvestment.com:9443/uapi/overseas-price/v1/quotations/inquire-time-itemchartprice?AUTH=&EXCD=NAS&SYMB=AMGN&NMIN=30&PINC=1&NEXT=1&NREC=120&FILL=&KEYB=20260627060000
[2026-07-20 22:27:36] [AMGN] page=4 attempt=1 실패: 요청 예외
[2026-07-20 22:27:38]   [AMGN] page=4 candles=120 more='0' next='1' nrec='120' rsym='DNASAMGN'
[2026-07-20 22:27:39] [AMGN] page=5 attempt=1 요청 예외: 500 Server Error: Internal Server Error for url: https://openapi.koreainvestment.com:9443/uapi/overseas-price/v1/quotations/inquire-time-itemchartprice?AUTH=&EXCD=NAS&SYMB=AMGN&NMIN=30&PINC=1&NEXT=1&NREC=120&FILL=&KEYB=20260623173000
[2026-07-20 22:27:39] [AMGN] page=5 attempt=1 실패: 요청 예외
[2026-07-20 22:27:41]   [AMGN] page=5 candles=59 more='0' next='0' nrec='59' rsym='DNASAMGN'
[2026-07-20 22:27:42]   [AMZN] page=0 candles=120 more='0' next='1' nrec='120' rsym='DNASAMZN'
[2026-07-20 22:27:42]   [AMZN] page=1 candles=120 more='0' next='1' nrec='120' rsym='DNASAMZN'
[2026-07-20 22:27:43]   [AMZN] page=2 candles=120 more='0' next='1' nrec='120' rsym='DNASAMZN'
[2026-07-20 22:27:43] [AMZN] page=3 attempt=1 요청 예외: 500 Server Error: Internal Server Error for url: https://openapi.koreainvestment.com:9443/uapi/overseas-price/v1/quotations/inquire-time-itemchartprice?AUTH=&EXCD=NAS&SYMB=AMZN&NMIN=30&PINC=1&NEXT=1&NREC=120&FILL=&KEYB=20260706203000
[2026-07-20 22:27:43] [AMZN] page=3 attempt=1 실패: 요청 예외
[2026-07-20 22:27:45]   [AMZN] page=3 candles=120 more='0' next='1' nrec='120' rsym='DNASAMZN'
[2026-07-20 22:27:46]   [AMZN] page=4 candles=120 more='0' next='1' nrec='120' rsym='DNASAMZN'
[2026-07-20 22:27:46]   [AMZN] page=5 candles=120 more='0' next='1' nrec='120' rsym='DNASAMZN'
[2026-07-20 22:27:46]   [AMZN] page=6 candles=32 more='0' next='0' nrec='32' rsym='DNASAMZN'
[2026-07-20 22:27:47]   [APP] page=0 candles=120 more='0' next='1' nrec='120' rsym='DNASAPP'
[2026-07-20 22:27:48] [APP] page=1 attempt=1 요청 예외: 500 Server Error: Internal Server Error for url: https://openapi.koreainvestment.com:9443/uapi/overseas-price/v1/quotations/inquire-time-itemchartprice?AUTH=&EXCD=NAS&SYMB=APP&NMIN=30&PINC=1&NEXT=1&NREC=120&FILL=&KEYB=20260715020000
[2026-07-20 22:27:48] [APP] page=1 attempt=1 실패: 요청 예외
[2026-07-20 22:27:50]   [APP] page=1 candles=120 more='0' next='1' nrec='120' rsym='DNASAPP'
[2026-07-20 22:27:50] [APP] page=2 attempt=1 요청 예외: 500 Server Error: Internal Server Error for url: https://openapi.koreainvestment.com:9443/uapi/overseas-price/v1/quotations/inquire-time-itemchartprice?AUTH=&EXCD=NAS&SYMB=APP&NMIN=30&PINC=1&NEXT=1&NREC=120&FILL=&KEYB=20260709203000
[2026-07-20 22:27:50] [APP] page=2 attempt=1 실패: 요청 예외
[2026-07-20 22:27:53]   [APP] page=2 candles=120 more='0' next='1' nrec='120' rsym='DNASAPP'
[2026-07-20 22:27:53] [APP] page=3 attempt=1 요청 예외: 500 Server Error: Internal Server Error for url: https://openapi.koreainvestment.com:9443/uapi/overseas-price/v1/quotations/inquire-time-itemchartprice?AUTH=&EXCD=NAS&SYMB=APP&NMIN=30&PINC=1&NEXT=1&NREC=120&FILL=&KEYB=20260706203000
[2026-07-20 22:27:53] [APP] page=3 attempt=1 실패: 요청 예외
[2026-07-20 22:27:55]   [APP] page=3 candles=120 more='0' next='1' nrec='120' rsym='DNASAPP'
[2026-07-20 22:27:55]   [APP] page=4 candles=120 more='0' next='1' nrec='120' rsym='DNASAPP'
[2026-07-20 22:27:56] [APP] page=5 attempt=1 요청 예외: 500 Server Error: Internal Server Error for url: https://openapi.koreainvestment.com:9443/uapi/overseas-price/v1/quotations/inquire-time-itemchartprice?AUTH=&EXCD=NAS&SYMB=APP&NMIN=30&PINC=1&NEXT=1&NREC=120&FILL=&KEYB=20260625203000
[2026-07-20 22:27:56] [APP] page=5 attempt=1 실패: 요청 예외
[2026-07-20 22:27:58]   [APP] page=5 candles=120 more='0' next='1' nrec='120' rsym='DNASAPP'
[2026-07-20 22:27:58]   [APP] page=6 candles=32 more='0' next='0' nrec='32' rsym='DNASAPP'
[2026-07-20 22:27:59]   [ARM] page=0 candles=120 more='0' next='1' nrec='120' rsym='DNASARM'
[2026-07-20 22:28:00] [ARM] page=1 attempt=1 요청 예외: 500 Server Error: Internal Server Error for url: https://openapi.koreainvestment.com:9443/uapi/overseas-price/v1/quotations/inquire-time-itemchartprice?AUTH=&EXCD=NAS&SYMB=ARM&NMIN=30&PINC=1&NEXT=1&NREC=120&FILL=&KEYB=20260715020000
[2026-07-20 22:28:00] [ARM] page=1 attempt=1 실패: 요청 예외
[2026-07-20 22:28:02]   [ARM] page=1 candles=120 more='0' next='1' nrec='120' rsym='DNASARM'
[2026-07-20 22:28:02]   [ARM] page=2 candles=120 more='0' next='1' nrec='120' rsym='DNASARM'
[2026-07-20 22:28:03] [ARM] page=3 attempt=1 요청 예외: 500 Server Error: Internal Server Error for url: https://openapi.koreainvestment.com:9443/uapi/overseas-price/v1/quotations/inquire-time-itemchartprice?AUTH=&EXCD=NAS&SYMB=ARM&NMIN=30&PINC=1&NEXT=1&NREC=120&FILL=&KEYB=20260706203000
[2026-07-20 22:28:03] [ARM] page=3 attempt=1 실패: 요청 예외
[2026-07-20 22:28:05]   [ARM] page=3 candles=120 more='0' next='1' nrec='120' rsym='DNASARM'
[2026-07-20 22:28:05]   [ARM] page=4 candles=120 more='0' next='1' nrec='120' rsym='DNASARM'
[2026-07-20 22:28:06] [ARM] page=5 attempt=1 요청 예외: 500 Server Error: Internal Server Error for url: https://openapi.koreainvestment.com:9443/uapi/overseas-price/v1/quotations/inquire-time-itemchartprice?AUTH=&EXCD=NAS&SYMB=ARM&NMIN=30&PINC=1&NEXT=1&NREC=120&FILL=&KEYB=20260625203000
[2026-07-20 22:28:06] [ARM] page=5 attempt=1 실패: 요청 예외
[2026-07-20 22:28:08]   [ARM] page=5 candles=120 more='0' next='1' nrec='120' rsym='DNASARM'
[2026-07-20 22:28:08]   [ARM] page=6 candles=32 more='0' next='0' nrec='32' rsym='DNASARM'
[2026-07-20 22:28:09]   [ASML] page=0 candles=120 more='0' next='1' nrec='120' rsym='DNASASML'
[2026-07-20 22:28:10]   [ASML] page=1 candles=120 more='0' next='1' nrec='120' rsym='DNASASML'
[2026-07-20 22:28:10] [ASML] page=2 attempt=1 요청 예외: 500 Server Error: Internal Server Error for url: https://openapi.koreainvestment.com:9443/uapi/overseas-price/v1/quotations/inquire-time-itemchartprice?AUTH=&EXCD=NAS&SYMB=ASML&NMIN=30&PINC=1&NEXT=1&NREC=120&FILL=&KEYB=20260709203000
[2026-07-20 22:28:10] [ASML] page=2 attempt=1 실패: 요청 예외
[2026-07-20 22:28:12]   [ASML] page=2 candles=120 more='0' next='1' nrec='120' rsym='DNASASML'
[2026-07-20 22:28:13]   [ASML] page=3 candles=120 more='0' next='1' nrec='120' rsym='DNASASML'
[2026-07-20 22:28:13] [ASML] page=4 attempt=1 요청 예외: 500 Server Error: Internal Server Error for url: https://openapi.koreainvestment.com:9443/uapi/overseas-price/v1/quotations/inquire-time-itemchartprice?AUTH=&EXCD=NAS&SYMB=ASML&NMIN=30&PINC=1&NEXT=1&NREC=120&FILL=&KEYB=20260630203000
[2026-07-20 22:28:13] [ASML] page=4 attempt=1 실패: 요청 예외
[2026-07-20 22:28:15]   [ASML] page=4 candles=120 more='0' next='1' nrec='120' rsym='DNASASML'
[2026-07-20 22:28:16]   [ASML] page=5 candles=120 more='0' next='1' nrec='120' rsym='DNASASML'
[2026-07-20 22:28:16] [ASML] page=6 attempt=1 요청 예외: 500 Server Error: Internal Server Error for url: https://openapi.koreainvestment.com:9443/uapi/overseas-price/v1/quotations/inquire-time-itemchartprice?AUTH=&EXCD=NAS&SYMB=ASML&NMIN=30&PINC=1&NEXT=1&NREC=120&FILL=&KEYB=20260622203000
[2026-07-20 22:28:16] [ASML] page=6 attempt=1 실패: 요청 예외
[2026-07-20 22:28:18]   [ASML] page=6 candles=32 more='0' next='0' nrec='32' rsym='DNASASML'
[2026-07-20 22:28:19]   [AVGO] page=0 candles=120 more='0' next='1' nrec='120' rsym='DNASAVGO'
[2026-07-20 22:28:20]   [AVGO] page=1 candles=120 more='0' next='1' nrec='120' rsym='DNASAVGO'
[2026-07-20 22:28:20] [AVGO] page=2 attempt=1 요청 예외: 500 Server Error: Internal Server Error for url: https://openapi.koreainvestment.com:9443/uapi/overseas-price/v1/quotations/inquire-time-itemchartprice?AUTH=&EXCD=NAS&SYMB=AVGO&NMIN=30&PINC=1&NEXT=1&NREC=120&FILL=&KEYB=20260709203000
[2026-07-20 22:28:20] [AVGO] page=2 attempt=1 실패: 요청 예외
[2026-07-20 22:28:22]   [AVGO] page=2 candles=120 more='0' next='1' nrec='120' rsym='DNASAVGO'
[2026-07-20 22:28:23]   [AVGO] page=3 candles=120 more='0' next='1' nrec='120' rsym='DNASAVGO'
[2026-07-20 22:28:23] [AVGO] page=4 attempt=1 요청 예외: 500 Server Error: Internal Server Error for url: https://openapi.koreainvestment.com:9443/uapi/overseas-price/v1/quotations/inquire-time-itemchartprice?AUTH=&EXCD=NAS&SYMB=AVGO&NMIN=30&PINC=1&NEXT=1&NREC=120&FILL=&KEYB=20260630203000
[2026-07-20 22:28:23] [AVGO] page=4 attempt=1 실패: 요청 예외
[2026-07-20 22:28:25]   [AVGO] page=4 candles=120 more='0' next='1' nrec='120' rsym='DNASAVGO'
[2026-07-20 22:28:25]   [AVGO] page=5 candles=120 more='0' next='1' nrec='120' rsym='DNASAVGO'
[2026-07-20 22:28:26]   [AVGO] page=6 candles=32 more='0' next='0' nrec='32' rsym='DNASAVGO'
[2026-07-20 22:28:27]   [AXON] page=0 candles=120 more='0' next='1' nrec='120' rsym='DNASAXON'
[2026-07-20 22:28:27]   [AXON] page=1 candles=120 more='0' next='1' nrec='120' rsym='DNASAXON'
[2026-07-20 22:28:28]   [AXON] page=2 candles=120 more='0' next='1' nrec='120' rsym='DNASAXON'
[2026-07-20 22:28:28] [AXON] page=3 attempt=1 요청 예외: 500 Server Error: Internal Server Error for url: https://openapi.koreainvestment.com:9443/uapi/overseas-price/v1/quotations/inquire-time-itemchartprice?AUTH=&EXCD=NAS&SYMB=AXON&NMIN=30&PINC=1&NEXT=1&NREC=120&FILL=&KEYB=20260706180000
[2026-07-20 22:28:28] [AXON] page=3 attempt=1 실패: 요청 예외
[2026-07-20 22:28:30]   [AXON] page=3 candles=120 more='0' next='1' nrec='120' rsym='DNASAXON'
[2026-07-20 22:28:30]   [AXON] page=4 candles=120 more='0' next='1' nrec='120' rsym='DNASAXON'
[2026-07-20 22:28:31] [AXON] page=5 attempt=1 요청 예외: 500 Server Error: Internal Server Error for url: https://openapi.koreainvestment.com:9443/uapi/overseas-price/v1/quotations/inquire-time-itemchartprice?AUTH=&EXCD=NAS&SYMB=AXON&NMIN=30&PINC=1&NEXT=1&NREC=120&FILL=&KEYB=20260625183000
[2026-07-20 22:28:31] [AXON] page=5 attempt=1 실패: 요청 예외
[2026-07-20 22:28:33]   [AXON] page=5 candles=120 more='0' next='1' nrec='120' rsym='DNASAXON'
[2026-07-20 22:28:33]   [AXON] page=6 candles=30 more='0' next='0' nrec='30' rsym='DNASAXON'
[2026-07-20 22:28:34]   [BKNG] page=0 candles=120 more='0' next='1' nrec='120' rsym='DNASBKNG'
[2026-07-20 22:28:35]   [BKNG] page=1 candles=120 more='0' next='1' nrec='120' rsym='DNASBKNG'
[2026-07-20 22:28:35] [BKNG] page=2 attempt=1 요청 예외: 500 Server Error: Internal Server Error for url: https://openapi.koreainvestment.com:9443/uapi/overseas-price/v1/quotations/inquire-time-itemchartprice?AUTH=&EXCD=NAS&SYMB=BKNG&NMIN=30&PINC=1&NEXT=1&NREC=120&FILL=&KEYB=20260709180000
[2026-07-20 22:28:35] [BKNG] page=2 attempt=1 실패: 요청 예외
[2026-07-20 22:28:37]   [BKNG] page=2 candles=120 more='0' next='1' nrec='120' rsym='DNASBKNG'
[2026-07-20 22:28:38] [BKNG] page=3 attempt=1 요청 예외: 500 Server Error: Internal Server Error for url: https://openapi.koreainvestment.com:9443/uapi/overseas-price/v1/quotations/inquire-time-itemchartprice?AUTH=&EXCD=NAS&SYMB=BKNG&NMIN=30&PINC=1&NEXT=1&NREC=120&FILL=&KEYB=20260706183000
[2026-07-20 22:28:38] [BKNG] page=3 attempt=1 실패: 요청 예외
[2026-07-20 22:28:40]   [BKNG] page=3 candles=120 more='0' next='1' nrec='120' rsym='DNASBKNG'
[2026-07-20 22:28:40]   [BKNG] page=4 candles=120 more='0' next='1' nrec='120' rsym='DNASBKNG'
[2026-07-20 22:28:41]   [BKNG] page=5 candles=103 more='0' next='0' nrec='103' rsym='DNASBKNG'
[2026-07-20 22:28:42]   [BKR] page=0 candles=120 more='0' next='1' nrec='120' rsym='DNASBKR'
[2026-07-20 22:28:42]   [BKR] page=1 candles=120 more='0' next='1' nrec='120' rsym='DNASBKR'
[2026-07-20 22:28:42]   [BKR] page=2 candles=120 more='0' next='1' nrec='120' rsym='DNASBKR'
[2026-07-20 22:28:43]   [BKR] page=3 candles=120 more='0' next='1' nrec='120' rsym='DNASBKR'
[2026-07-20 22:28:43] [BKR] page=4 attempt=1 요청 예외: 500 Server Error: Internal Server Error for url: https://openapi.koreainvestment.com:9443/uapi/overseas-price/v1/quotations/inquire-time-itemchartprice?AUTH=&EXCD=NAS&SYMB=BKR&NMIN=30&PINC=1&NEXT=1&NREC=120&FILL=&KEYB=20260627030000
[2026-07-20 22:28:43] [BKR] page=4 attempt=1 실패: 요청 예외
[2026-07-20 22:28:45]   [BKR] page=4 candles=120 more='0' next='1' nrec='120' rsym='DNASBKR'
[2026-07-20 22:28:46] [BKR] page=5 attempt=1 요청 예외: 500 Server Error: Internal Server Error for url: https://openapi.koreainvestment.com:9443/uapi/overseas-price/v1/quotations/inquire-time-itemchartprice?AUTH=&EXCD=NAS&SYMB=BKR&NMIN=30&PINC=1&NEXT=1&NREC=120&FILL=&KEYB=20260623053000
[2026-07-20 22:28:46] [BKR] page=5 attempt=1 실패: 요청 예외
[2026-07-20 22:28:48]   [BKR] page=5 candles=35 more='0' next='0' nrec='35' rsym='DNASBKR'
[2026-07-20 22:28:49]   [CCEP] page=0 candles=120 more='0' next='1' nrec='120' rsym='DNASCCEP'
[2026-07-20 22:28:49]   [CCEP] page=1 candles=120 more='0' next='1' nrec='120' rsym='DNASCCEP'
[2026-07-20 22:28:50]   [CCEP] page=2 candles=120 more='0' next='1' nrec='120' rsym='DNASCCEP'
[2026-07-20 22:28:50]   [CCEP] page=3 candles=120 more='0' next='1' nrec='120' rsym='DNASCCEP'
[2026-07-20 22:28:50] [CCEP] page=4 attempt=1 요청 예외: 500 Server Error: Internal Server Error for url: https://openapi.koreainvestment.com:9443/uapi/overseas-price/v1/quotations/inquire-time-itemchartprice?AUTH=&EXCD=NAS&SYMB=CCEP&NMIN=30&PINC=1&NEXT=1&NREC=120&FILL=&KEYB=20260623080000
[2026-07-20 22:28:50] [CCEP] page=4 attempt=1 실패: 요청 예외
[2026-07-20 22:28:53]   [CCEP] page=4 candles=34 more='0' next='0' nrec='34' rsym='DNASCCEP'
[2026-07-20 22:28:54]   [CDNS] page=0 candles=120 more='0' next='1' nrec='120' rsym='DNASCDNS'
[2026-07-20 22:28:54] [CDNS] page=1 attempt=1 요청 예외: 500 Server Error: Internal Server Error for url: https://openapi.koreainvestment.com:9443/uapi/overseas-price/v1/quotations/inquire-time-itemchartprice?AUTH=&EXCD=NAS&SYMB=CDNS&NMIN=30&PINC=1&NEXT=1&NREC=120&FILL=&KEYB=20260714230000
[2026-07-20 22:28:54] [CDNS] page=1 attempt=1 실패: 요청 예외
[2026-07-20 22:28:56]   [CDNS] page=1 candles=120 more='0' next='1' nrec='120' rsym='DNASCDNS'
[2026-07-20 22:28:56]   [CDNS] page=2 candles=120 more='0' next='1' nrec='120' rsym='DNASCDNS'
[2026-07-20 22:28:57]   [CDNS] page=3 candles=120 more='0' next='1' nrec='120' rsym='DNASCDNS'
[2026-07-20 22:28:57] [CDNS] page=4 attempt=1 요청 예외: 500 Server Error: Internal Server Error for url: https://openapi.koreainvestment.com:9443/uapi/overseas-price/v1/quotations/inquire-time-itemchartprice?AUTH=&EXCD=NAS&SYMB=CDNS&NMIN=30&PINC=1&NEXT=1&NREC=120&FILL=&KEYB=20260629173000
[2026-07-20 22:28:57] [CDNS] page=4 attempt=1 실패: 요청 예외
[2026-07-20 22:28:59]   [CDNS] page=4 candles=120 more='0' next='1' nrec='120' rsym='DNASCDNS'
[2026-07-20 22:29:00]   [CDNS] page=5 candles=90 more='0' next='0' nrec='90' rsym='DNASCDNS'
[2026-07-20 22:29:01]   [CEG] page=0 candles=120 more='0' next='1' nrec='120' rsym='DNASCEG'
[2026-07-20 22:29:01]   [CEG] page=1 candles=120 more='0' next='1' nrec='120' rsym='DNASCEG'
[2026-07-20 22:29:01]   [CEG] page=2 candles=120 more='0' next='1' nrec='120' rsym='DNASCEG'
[2026-07-20 22:29:02]   [CEG] page=3 candles=120 more='0' next='1' nrec='120' rsym='DNASCEG'
[2026-07-20 22:29:02] [CEG] page=4 attempt=1 요청 예외: 500 Server Error: Internal Server Error for url: https://openapi.koreainvestment.com:9443/uapi/overseas-price/v1/quotations/inquire-time-itemchartprice?AUTH=&EXCD=NAS&SYMB=CEG&NMIN=30&PINC=1&NEXT=1&NREC=120&FILL=&KEYB=20260630203000
[2026-07-20 22:29:02] [CEG] page=4 attempt=1 실패: 요청 예외
[2026-07-20 22:29:04]   [CEG] page=4 candles=120 more='0' next='1' nrec='120' rsym='DNASCEG'
[2026-07-20 22:29:05] [CEG] page=5 attempt=1 요청 예외: 500 Server Error: Internal Server Error for url: https://openapi.koreainvestment.com:9443/uapi/overseas-price/v1/quotations/inquire-time-itemchartprice?AUTH=&EXCD=NAS&SYMB=CEG&NMIN=30&PINC=1&NEXT=1&NREC=120&FILL=&KEYB=20260625203000
[2026-07-20 22:29:05] [CEG] page=5 attempt=1 실패: 요청 예외
[2026-07-20 22:29:07]   [CEG] page=5 candles=120 more='0' next='1' nrec='120' rsym='DNASCEG'
[2026-07-20 22:29:07]   [CEG] page=6 candles=32 more='0' next='0' nrec='32' rsym='DNASCEG'
[2026-07-20 22:29:08]   [CHTR] page=0 candles=120 more='0' next='1' nrec='120' rsym='DNASCHTR'
[2026-07-20 22:29:09] [CHTR] page=1 attempt=1 요청 예외: 500 Server Error: Internal Server Error for url: https://openapi.koreainvestment.com:9443/uapi/overseas-price/v1/quotations/inquire-time-itemchartprice?AUTH=&EXCD=NAS&SYMB=CHTR&NMIN=30&PINC=1&NEXT=1&NREC=120&FILL=&KEYB=20260714050000
[2026-07-20 22:29:09] [CHTR] page=1 attempt=1 실패: 요청 예외
[2026-07-20 22:29:11]   [CHTR] page=1 candles=120 more='0' next='1' nrec='120' rsym='DNASCHTR'
[2026-07-20 22:29:11]   [CHTR] page=2 candles=120 more='0' next='1' nrec='120' rsym='DNASCHTR'
[2026-07-20 22:29:12] [CHTR] page=3 attempt=1 요청 예외: 500 Server Error: Internal Server Error for url: https://openapi.koreainvestment.com:9443/uapi/overseas-price/v1/quotations/inquire-time-itemchartprice?AUTH=&EXCD=NAS&SYMB=CHTR&NMIN=30&PINC=1&NEXT=1&NREC=120&FILL=&KEYB=20260701070000
[2026-07-20 22:29:12] [CHTR] page=3 attempt=1 실패: 요청 예외
[2026-07-20 22:29:14]   [CHTR] page=3 candles=120 more='0' next='1' nrec='120' rsym='DNASCHTR'
[2026-07-20 22:29:14] [CHTR] page=4 attempt=1 요청 예외: 500 Server Error: Internal Server Error for url: https://openapi.koreainvestment.com:9443/uapi/overseas-price/v1/quotations/inquire-time-itemchartprice?AUTH=&EXCD=NAS&SYMB=CHTR&NMIN=30&PINC=1&NEXT=1&NREC=120&FILL=&KEYB=20260625190000
[2026-07-20 22:29:14] [CHTR] page=4 attempt=1 실패: 요청 예외
[2026-07-20 22:29:17]   [CHTR] page=4 candles=115 more='0' next='0' nrec='115' rsym='DNASCHTR'
[2026-07-20 22:29:18]   [CMCSA] page=0 candles=120 more='0' next='1' nrec='120' rsym='DNASCMCSA'
[2026-07-20 22:29:18] [CMCSA] page=1 attempt=1 요청 예외: 500 Server Error: Internal Server Error for url: https://openapi.koreainvestment.com:9443/uapi/overseas-price/v1/quotations/inquire-time-itemchartprice?AUTH=&EXCD=NAS&SYMB=CMCSA&NMIN=30&PINC=1&NEXT=1&NREC=120&FILL=&KEYB=20260715010000
[2026-07-20 22:29:18] [CMCSA] page=1 attempt=1 실패: 요청 예외
[2026-07-20 22:29:20]   [CMCSA] page=1 candles=120 more='0' next='1' nrec='120' rsym='DNASCMCSA'
[2026-07-20 22:29:21]   [CMCSA] page=2 candles=120 more='0' next='1' nrec='120' rsym='DNASCMCSA'
[2026-07-20 22:29:21] [CMCSA] page=3 attempt=1 요청 예외: 500 Server Error: Internal Server Error for url: https://openapi.koreainvestment.com:9443/uapi/overseas-price/v1/quotations/inquire-time-itemchartprice?AUTH=&EXCD=NAS&SYMB=CMCSA&NMIN=30&PINC=1&NEXT=1&NREC=120&FILL=&KEYB=20260706203000
[2026-07-20 22:29:21] [CMCSA] page=3 attempt=1 실패: 요청 예외
[2026-07-20 22:29:23]   [CMCSA] page=3 candles=120 more='0' next='1' nrec='120' rsym='DNASCMCSA'
[2026-07-20 22:29:23]   [CMCSA] page=4 candles=120 more='0' next='1' nrec='120' rsym='DNASCMCSA'
[2026-07-20 22:29:24] [CMCSA] page=5 attempt=1 요청 예외: 500 Server Error: Internal Server Error for url: https://openapi.koreainvestment.com:9443/uapi/overseas-price/v1/quotations/inquire-time-itemchartprice?AUTH=&EXCD=NAS&SYMB=CMCSA&NMIN=30&PINC=1&NEXT=1&NREC=120&FILL=&KEYB=20260625200000
[2026-07-20 22:29:24] [CMCSA] page=5 attempt=1 실패: 요청 예외
[2026-07-20 22:29:26]   [CMCSA] page=5 candles=120 more='0' next='1' nrec='120' rsym='DNASCMCSA'
[2026-07-20 22:29:26]   [CMCSA] page=6 candles=32 more='0' next='0' nrec='32' rsym='DNASCMCSA'
[2026-07-20 22:29:27]   [COST] page=0 candles=120 more='0' next='1' nrec='120' rsym='DNASCOST'
[2026-07-20 22:29:28] [COST] page=1 attempt=1 요청 예외: 500 Server Error: Internal Server Error for url: https://openapi.koreainvestment.com:9443/uapi/overseas-price/v1/quotations/inquire-time-itemchartprice?AUTH=&EXCD=NAS&SYMB=COST&NMIN=30&PINC=1&NEXT=1&NREC=120&FILL=&KEYB=20260715020000
[2026-07-20 22:29:28] [COST] page=1 attempt=1 실패: 요청 예외
[2026-07-20 22:29:30]   [COST] page=1 candles=120 more='0' next='1' nrec='120' rsym='DNASCOST'
[2026-07-20 22:29:30]   [COST] page=2 candles=120 more='0' next='1' nrec='120' rsym='DNASCOST'
[2026-07-20 22:29:31] [COST] page=3 attempt=1 요청 예외: 500 Server Error: Internal Server Error for url: https://openapi.koreainvestment.com:9443/uapi/overseas-price/v1/quotations/inquire-time-itemchartprice?AUTH=&EXCD=NAS&SYMB=COST&NMIN=30&PINC=1&NEXT=1&NREC=120&FILL=&KEYB=20260706203000
[2026-07-20 22:29:31] [COST] page=3 attempt=1 실패: 요청 예외
[2026-07-20 22:29:33]   [COST] page=3 candles=120 more='0' next='1' nrec='120' rsym='DNASCOST'
[2026-07-20 22:29:33] [COST] page=4 attempt=1 요청 예외: 500 Server Error: Internal Server Error for url: https://openapi.koreainvestment.com:9443/uapi/overseas-price/v1/quotations/inquire-time-itemchartprice?AUTH=&EXCD=NAS&SYMB=COST&NMIN=30&PINC=1&NEXT=1&NREC=120&FILL=&KEYB=20260630203000
[2026-07-20 22:29:33] [COST] page=4 attempt=1 실패: 요청 예외
[2026-07-20 22:29:36]   [COST] page=4 candles=120 more='0' next='1' nrec='120' rsym='DNASCOST'
[2026-07-20 22:29:36] [COST] page=5 attempt=1 요청 예외: 500 Server Error: Internal Server Error for url: https://openapi.koreainvestment.com:9443/uapi/overseas-price/v1/quotations/inquire-time-itemchartprice?AUTH=&EXCD=NAS&SYMB=COST&NMIN=30&PINC=1&NEXT=1&NREC=120&FILL=&KEYB=20260625200000
[2026-07-20 22:29:36] [COST] page=5 attempt=1 실패: 요청 예외
[2026-07-20 22:29:38]   [COST] page=5 candles=120 more='0' next='1' nrec='120' rsym='DNASCOST'
[2026-07-20 22:29:39]   [COST] page=6 candles=32 more='0' next='0' nrec='32' rsym='DNASCOST'
[2026-07-20 22:29:40]   [CPRT] page=0 candles=120 more='0' next='1' nrec='120' rsym='DNASCPRT'
[2026-07-20 22:29:40] [CPRT] page=1 attempt=1 요청 예외: 500 Server Error: Internal Server Error for url: https://openapi.koreainvestment.com:9443/uapi/overseas-price/v1/quotations/inquire-time-itemchartprice?AUTH=&EXCD=NAS&SYMB=CPRT&NMIN=30&PINC=1&NEXT=1&NREC=120&FILL=&KEYB=20260714233000
[2026-07-20 22:29:40] [CPRT] page=1 attempt=1 실패: 요청 예외
[2026-07-20 22:29:42]   [CPRT] page=1 candles=120 more='0' next='1' nrec='120' rsym='DNASCPRT'
[2026-07-20 22:29:42]   [CPRT] page=2 candles=120 more='0' next='1' nrec='120' rsym='DNASCPRT'
[2026-07-20 22:29:43] [CPRT] page=3 attempt=1 요청 예외: 500 Server Error: Internal Server Error for url: https://openapi.koreainvestment.com:9443/uapi/overseas-price/v1/quotations/inquire-time-itemchartprice?AUTH=&EXCD=NAS&SYMB=CPRT&NMIN=30&PINC=1&NEXT=1&NREC=120&FILL=&KEYB=20260706163000
[2026-07-20 22:29:43] [CPRT] page=3 attempt=1 실패: 요청 예외
[2026-07-20 22:29:45]   [CPRT] page=3 candles=120 more='0' next='1' nrec='120' rsym='DNASCPRT'
[2026-07-20 22:29:45]   [CPRT] page=4 candles=120 more='0' next='1' nrec='120' rsym='DNASCPRT'
[2026-07-20 22:29:46]   [CPRT] page=5 candles=53 more='0' next='0' nrec='53' rsym='DNASCPRT'
[2026-07-20 22:29:47]   [CRWD] page=0 candles=120 more='0' next='1' nrec='120' rsym='DNASCRWD'
[2026-07-20 22:29:47]   [CRWD] page=1 candles=120 more='0' next='1' nrec='120' rsym='DNASCRWD'
[2026-07-20 22:29:47]   [CRWD] page=2 candles=120 more='0' next='1' nrec='120' rsym='DNASCRWD'
[2026-07-20 22:29:48]   [CRWD] page=3 candles=120 more='0' next='1' nrec='120' rsym='DNASCRWD'
[2026-07-20 22:29:48] [CRWD] page=4 attempt=1 요청 예외: 500 Server Error: Internal Server Error for url: https://openapi.koreainvestment.com:9443/uapi/overseas-price/v1/quotations/inquire-time-itemchartprice?AUTH=&EXCD=NAS&SYMB=CRWD&NMIN=30&PINC=1&NEXT=1&NREC=120&FILL=&KEYB=20260630203000
[2026-07-20 22:29:48] [CRWD] page=4 attempt=1 실패: 요청 예외
[2026-07-20 22:29:50]   [CRWD] page=4 candles=120 more='0' next='1' nrec='120' rsym='DNASCRWD'
[2026-07-20 22:29:51] [CRWD] page=5 attempt=1 요청 예외: 500 Server Error: Internal Server Error for url: https://openapi.koreainvestment.com:9443/uapi/overseas-price/v1/quotations/inquire-time-itemchartprice?AUTH=&EXCD=NAS&SYMB=CRWD&NMIN=30&PINC=1&NEXT=1&NREC=120&FILL=&KEYB=20260625203000
[2026-07-20 22:29:51] [CRWD] page=5 attempt=1 실패: 요청 예외
[2026-07-20 22:29:53]   [CRWD] page=5 candles=120 more='0' next='1' nrec='120' rsym='DNASCRWD'
[2026-07-20 22:29:53]   [CRWD] page=6 candles=32 more='0' next='0' nrec='32' rsym='DNASCRWD'
[2026-07-20 22:29:54]   [CSCO] page=0 candles=120 more='0' next='1' nrec='120' rsym='DNASCSCO'
[2026-07-20 22:29:55] [CSCO] page=1 attempt=1 요청 예외: 500 Server Error: Internal Server Error for url: https://openapi.koreainvestment.com:9443/uapi/overseas-price/v1/quotations/inquire-time-itemchartprice?AUTH=&EXCD=NAS&SYMB=CSCO&NMIN=30&PINC=1&NEXT=1&NREC=120&FILL=&KEYB=20260715020000
[2026-07-20 22:29:55] [CSCO] page=1 attempt=1 실패: 요청 예외
[2026-07-20 22:29:57]   [CSCO] page=1 candles=120 more='0' next='1' nrec='120' rsym='DNASCSCO'
[2026-07-20 22:29:57]   [CSCO] page=2 candles=120 more='0' next='1' nrec='120' rsym='DNASCSCO'
[2026-07-20 22:29:58]   [CSCO] page=3 candles=120 more='0' next='1' nrec='120' rsym='DNASCSCO'
[2026-07-20 22:29:58]   [CSCO] page=4 candles=120 more='0' next='1' nrec='120' rsym='DNASCSCO'
[2026-07-20 22:29:58] [CSCO] page=5 attempt=1 요청 예외: 500 Server Error: Internal Server Error for url: https://openapi.koreainvestment.com:9443/uapi/overseas-price/v1/quotations/inquire-time-itemchartprice?AUTH=&EXCD=NAS&SYMB=CSCO&NMIN=30&PINC=1&NEXT=1&NREC=120&FILL=&KEYB=20260625203000
[2026-07-20 22:29:58] [CSCO] page=5 attempt=1 실패: 요청 예외
[2026-07-20 22:30:01]   [CSCO] page=5 candles=120 more='0' next='1' nrec='120' rsym='DNASCSCO'
[2026-07-20 22:30:01] [CSCO] page=6 attempt=1 요청 예외: 500 Server Error: Internal Server Error for url: https://openapi.koreainvestment.com:9443/uapi/overseas-price/v1/quotations/inquire-time-itemchartprice?AUTH=&EXCD=NAS&SYMB=CSCO&NMIN=30&PINC=1&NEXT=1&NREC=120&FILL=&KEYB=20260622203000
[2026-07-20 22:30:01] [CSCO] page=6 attempt=1 실패: 요청 예외
[2026-07-20 22:30:03]   [CSCO] page=6 candles=32 more='0' next='0' nrec='32' rsym='DNASCSCO'
[2026-07-20 22:30:04]   [CSGP] page=0 candles=120 more='0' next='1' nrec='120' rsym='DNASCSGP'
[2026-07-20 22:30:04]   [CSGP] page=1 candles=120 more='0' next='1' nrec='120' rsym='DNASCSGP'
[2026-07-20 22:30:05] [CSGP] page=2 attempt=1 요청 예외: 500 Server Error: Internal Server Error for url: https://openapi.koreainvestment.com:9443/uapi/overseas-price/v1/quotations/inquire-time-itemchartprice?AUTH=&EXCD=NAS&SYMB=CSGP&NMIN=30&PINC=1&NEXT=1&NREC=120&FILL=&KEYB=20260708053000
[2026-07-20 22:30:05] [CSGP] page=2 attempt=1 실패: 요청 예외
[2026-07-20 22:30:07]   [CSGP] page=2 candles=120 more='0' next='1' nrec='120' rsym='DNASCSGP'
[2026-07-20 22:30:07]   [CSGP] page=3 candles=120 more='0' next='1' nrec='120' rsym='DNASCSGP'
[2026-07-20 22:30:08] [CSGP] page=4 attempt=1 요청 예외: 500 Server Error: Internal Server Error for url: https://openapi.koreainvestment.com:9443/uapi/overseas-price/v1/quotations/inquire-time-itemchartprice?AUTH=&EXCD=NAS&SYMB=CSGP&NMIN=30&PINC=1&NEXT=1&NREC=120&FILL=&KEYB=20260624233000
[2026-07-20 22:30:08] [CSGP] page=4 attempt=1 실패: 요청 예외
[2026-07-20 22:30:10]   [CSGP] page=4 candles=76 more='0' next='0' nrec='76' rsym='DNASCSGP'
[2026-07-20 22:30:11]   [CSX] page=0 candles=120 more='0' next='1' nrec='120' rsym='DNASCSX'
[2026-07-20 22:30:11]   [CSX] page=1 candles=120 more='0' next='1' nrec='120' rsym='DNASCSX'
[2026-07-20 22:30:12]   [CSX] page=2 candles=120 more='0' next='1' nrec='120' rsym='DNASCSX'
[2026-07-20 22:30:12] [CSX] page=3 attempt=1 요청 예외: 500 Server Error: Internal Server Error for url: https://openapi.koreainvestment.com:9443/uapi/overseas-price/v1/quotations/inquire-time-itemchartprice?AUTH=&EXCD=NAS&SYMB=CSX&NMIN=30&PINC=1&NEXT=1&NREC=120&FILL=&KEYB=20260702023000
[2026-07-20 22:30:12] [CSX] page=3 attempt=1 실패: 요청 예외
[2026-07-20 22:30:14]   [CSX] page=3 candles=120 more='0' next='1' nrec='120' rsym='DNASCSX'
[2026-07-20 22:30:15] [CSX] page=4 attempt=1 요청 예외: 500 Server Error: Internal Server Error for url: https://openapi.koreainvestment.com:9443/uapi/overseas-price/v1/quotations/inquire-time-itemchartprice?AUTH=&EXCD=NAS&SYMB=CSX&NMIN=30&PINC=1&NEXT=1&NREC=120&FILL=&KEYB=20260626040000
[2026-07-20 22:30:15] [CSX] page=4 attempt=1 실패: 요청 예외
[2026-07-20 22:30:17]   [CSX] page=4 candles=110 more='0' next='0' nrec='110' rsym='DNASCSX'
[2026-07-20 22:30:18]   [CTAS] page=0 candles=120 more='0' next='1' nrec='120' rsym='DNASCTAS'
[2026-07-20 22:30:18]   [CTAS] page=1 candles=120 more='0' next='1' nrec='120' rsym='DNASCTAS'
[2026-07-20 22:30:19] [CTAS] page=2 attempt=1 요청 예외: 500 Server Error: Internal Server Error for url: https://openapi.koreainvestment.com:9443/uapi/overseas-price/v1/quotations/inquire-time-itemchartprice?AUTH=&EXCD=NAS&SYMB=CTAS&NMIN=30&PINC=1&NEXT=1&NREC=120&FILL=&KEYB=20260708163000
[2026-07-20 22:30:19] [CTAS] page=2 attempt=1 실패: 요청 예외
[2026-07-20 22:30:21]   [CTAS] page=2 candles=120 more='0' next='1' nrec='120' rsym='DNASCTAS'
[2026-07-20 22:30:21]   [CTAS] page=3 candles=120 more='0' next='1' nrec='120' rsym='DNASCTAS'
[2026-07-20 22:30:22] [CTAS] page=4 attempt=1 요청 예외: 500 Server Error: Internal Server Error for url: https://openapi.koreainvestment.com:9443/uapi/overseas-price/v1/quotations/inquire-time-itemchartprice?AUTH=&EXCD=NAS&SYMB=CTAS&NMIN=30&PINC=1&NEXT=1&NREC=120&FILL=&KEYB=20260625073000
[2026-07-20 22:30:22] [CTAS] page=4 attempt=1 실패: 요청 예외
[2026-07-20 22:30:24]   [CTAS] page=4 candles=83 more='0' next='0' nrec='83' rsym='DNASCTAS'
[2026-07-20 22:30:25]   [CTSH] page=0 candles=120 more='0' next='1' nrec='120' rsym='DNASCTSH'
[2026-07-20 22:30:25]   [CTSH] page=1 candles=120 more='0' next='1' nrec='120' rsym='DNASCTSH'
[2026-07-20 22:30:26]   [CTSH] page=2 candles=120 more='0' next='1' nrec='120' rsym='DNASCTSH'
[2026-07-20 22:30:26] [CTSH] page=3 attempt=1 요청 예외: 500 Server Error: Internal Server Error for url: https://openapi.koreainvestment.com:9443/uapi/overseas-price/v1/quotations/inquire-time-itemchartprice?AUTH=&EXCD=NAS&SYMB=CTSH&NMIN=30&PINC=1&NEXT=1&NREC=120&FILL=&KEYB=20260701053000
[2026-07-20 22:30:26] [CTSH] page=3 attempt=1 실패: 요청 예외
[2026-07-20 22:30:28]   [CTSH] page=3 candles=120 more='0' next='1' nrec='120' rsym='DNASCTSH'
[2026-07-20 22:30:29]   [CTSH] page=4 candles=118 more='0' next='0' nrec='118' rsym='DNASCTSH'
[2026-07-20 22:30:30]   [DASH] page=0 candles=120 more='0' next='1' nrec='120' rsym='DNASDASH'
[2026-07-20 22:30:30]   [DASH] page=1 candles=120 more='0' next='1' nrec='120' rsym='DNASDASH'
[2026-07-20 22:30:30]   [DASH] page=2 candles=120 more='0' next='1' nrec='120' rsym='DNASDASH'
[2026-07-20 22:30:31]   [DASH] page=3 candles=120 more='0' next='1' nrec='120' rsym='DNASDASH'
[2026-07-20 22:30:31] [DASH] page=4 attempt=1 요청 예외: 500 Server Error: Internal Server Error for url: https://openapi.koreainvestment.com:9443/uapi/overseas-price/v1/quotations/inquire-time-itemchartprice?AUTH=&EXCD=NAS&SYMB=DASH&NMIN=30&PINC=1&NEXT=1&NREC=120&FILL=&KEYB=20260629193000
[2026-07-20 22:30:31] [DASH] page=4 attempt=1 실패: 요청 예외
[2026-07-20 22:30:33]   [DASH] page=4 candles=120 more='0' next='1' nrec='120' rsym='DNASDASH'
[2026-07-20 22:30:34]   [DASH] page=5 candles=92 more='0' next='0' nrec='92' rsym='DNASDASH'
[2026-07-20 22:30:35]   [DDOG] page=0 candles=120 more='0' next='1' nrec='120' rsym='DNASDDOG'
[2026-07-20 22:30:35]   [DDOG] page=1 candles=120 more='0' next='1' nrec='120' rsym='DNASDDOG'
[2026-07-20 22:30:35] [DDOG] page=2 attempt=1 요청 예외: 500 Server Error: Internal Server Error for url: https://openapi.koreainvestment.com:9443/uapi/overseas-price/v1/quotations/inquire-time-itemchartprice?AUTH=&EXCD=NAS&SYMB=DDOG&NMIN=30&PINC=1&NEXT=1&NREC=120&FILL=&KEYB=20260709203000
[2026-07-20 22:30:35] [DDOG] page=2 attempt=1 실패: 요청 예외
[2026-07-20 22:30:38]   [DDOG] page=2 candles=120 more='0' next='1' nrec='120' rsym='DNASDDOG'
[2026-07-20 22:30:38] [DDOG] page=3 attempt=1 요청 예외: 500 Server Error: Internal Server Error for url: https://openapi.koreainvestment.com:9443/uapi/overseas-price/v1/quotations/inquire-time-itemchartprice?AUTH=&EXCD=NAS&SYMB=DDOG&NMIN=30&PINC=1&NEXT=1&NREC=120&FILL=&KEYB=20260706203000
[2026-07-20 22:30:38] [DDOG] page=3 attempt=1 실패: 요청 예외
[2026-07-20 22:30:40]   [DDOG] page=3 candles=120 more='0' next='1' nrec='120' rsym='DNASDDOG'
[2026-07-20 22:30:40]   [DDOG] page=4 candles=120 more='0' next='1' nrec='120' rsym='DNASDDOG'
[2026-07-20 22:30:41] [DDOG] page=5 attempt=1 요청 예외: 500 Server Error: Internal Server Error for url: https://openapi.koreainvestment.com:9443/uapi/overseas-price/v1/quotations/inquire-time-itemchartprice?AUTH=&EXCD=NAS&SYMB=DDOG&NMIN=30&PINC=1&NEXT=1&NREC=120&FILL=&KEYB=20260625200000
[2026-07-20 22:30:41] [DDOG] page=5 attempt=1 실패: 요청 예외
[2026-07-20 22:30:43]   [DDOG] page=5 candles=120 more='0' next='1' nrec='120' rsym='DNASDDOG'
[2026-07-20 22:30:43]   [DDOG] page=6 candles=32 more='0' next='0' nrec='32' rsym='DNASDDOG'
[2026-07-20 22:30:44]   [DXCM] page=0 candles=120 more='0' next='1' nrec='120' rsym='DNASDXCM'
[2026-07-20 22:30:45] [DXCM] page=1 attempt=1 요청 예외: 500 Server Error: Internal Server Error for url: https://openapi.koreainvestment.com:9443/uapi/overseas-price/v1/quotations/inquire-time-itemchartprice?AUTH=&EXCD=NAS&SYMB=DXCM&NMIN=30&PINC=1&NEXT=1&NREC=120&FILL=&KEYB=20260714013000
[2026-07-20 22:30:45] [DXCM] page=1 attempt=1 실패: 요청 예외
[2026-07-20 22:30:47]   [DXCM] page=1 candles=120 more='0' next='1' nrec='120' rsym='DNASDXCM'
[2026-07-20 22:30:47]   [DXCM] page=2 candles=120 more='0' next='1' nrec='120' rsym='DNASDXCM'
[2026-07-20 22:30:48] [DXCM] page=3 attempt=1 요청 예외: 500 Server Error: Internal Server Error for url: https://openapi.koreainvestment.com:9443/uapi/overseas-price/v1/quotations/inquire-time-itemchartprice?AUTH=&EXCD=NAS&SYMB=DXCM&NMIN=30&PINC=1&NEXT=1&NREC=120&FILL=&KEYB=20260701023000
[2026-07-20 22:30:48] [DXCM] page=3 attempt=1 실패: 요청 예외
[2026-07-20 22:30:50]   [DXCM] page=3 candles=120 more='0' next='1' nrec='120' rsym='DNASDXCM'
[2026-07-20 22:30:50]   [DXCM] page=4 candles=83 more='0' next='0' nrec='83' rsym='DNASDXCM'
[2026-07-20 22:30:51]   [EA] page=0 candles=120 more='0' next='1' nrec='120' rsym='DNASEA'
[2026-07-20 22:30:52] [EA] page=1 attempt=1 요청 예외: 500 Server Error: Internal Server Error for url: https://openapi.koreainvestment.com:9443/uapi/overseas-price/v1/quotations/inquire-time-itemchartprice?AUTH=&EXCD=NAS&SYMB=EA&NMIN=30&PINC=1&NEXT=1&NREC=120&FILL=&KEYB=20260713223000
[2026-07-20 22:30:52] [EA] page=1 attempt=1 실패: 요청 예외
[2026-07-20 22:30:54]   [EA] page=1 candles=120 more='0' next='1' nrec='120' rsym='DNASEA'
[2026-07-20 22:30:54]   [EA] page=2 candles=120 more='0' next='1' nrec='120' rsym='DNASEA'
[2026-07-20 22:30:55] [EA] page=3 attempt=1 요청 예외: 500 Server Error: Internal Server Error for url: https://openapi.koreainvestment.com:9443/uapi/overseas-price/v1/quotations/inquire-time-itemchartprice?AUTH=&EXCD=NAS&SYMB=EA&NMIN=30&PINC=1&NEXT=1&NREC=120&FILL=&KEYB=20260701020000
[2026-07-20 22:30:55] [EA] page=3 attempt=1 실패: 요청 예외
[2026-07-20 22:30:57]   [EA] page=3 candles=120 more='0' next='1' nrec='120' rsym='DNASEA'
[2026-07-20 22:30:57]   [EA] page=4 candles=86 more='0' next='0' nrec='86' rsym='DNASEA'
[2026-07-20 22:30:58]   [EXC] page=0 candles=120 more='0' next='1' nrec='120' rsym='DNASEXC'
[2026-07-20 22:30:59] [EXC] page=1 attempt=1 요청 예외: 500 Server Error: Internal Server Error for url: https://openapi.koreainvestment.com:9443/uapi/overseas-price/v1/quotations/inquire-time-itemchartprice?AUTH=&EXCD=NAS&SYMB=EXC&NMIN=30&PINC=1&NEXT=1&NREC=120&FILL=&KEYB=20260713210000
[2026-07-20 22:30:59] [EXC] page=1 attempt=1 실패: 요청 예외
[2026-07-20 22:31:01]   [EXC] page=1 candles=120 more='0' next='1' nrec='120' rsym='DNASEXC'
[2026-07-20 22:31:01] [EXC] page=2 attempt=1 요청 예외: 500 Server Error: Internal Server Error for url: https://openapi.koreainvestment.com:9443/uapi/overseas-price/v1/quotations/inquire-time-itemchartprice?AUTH=&EXCD=NAS&SYMB=EXC&NMIN=30&PINC=1&NEXT=1&NREC=120&FILL=&KEYB=20260707043000
[2026-07-20 22:31:01] [EXC] page=2 attempt=1 실패: 요청 예외
[2026-07-20 22:31:04]   [EXC] page=2 candles=120 more='0' next='1' nrec='120' rsym='DNASEXC'
[2026-07-20 22:31:04] [EXC] page=3 attempt=1 요청 예외: 500 Server Error: Internal Server Error for url: https://openapi.koreainvestment.com:9443/uapi/overseas-price/v1/quotations/inquire-time-itemchartprice?AUTH=&EXCD=NAS&SYMB=EXC&NMIN=30&PINC=1&NEXT=1&NREC=120&FILL=&KEYB=20260629230000
[2026-07-20 22:31:04] [EXC] page=3 attempt=1 실패: 요청 예외
[2026-07-20 22:31:06]   [EXC] page=3 candles=120 more='0' next='1' nrec='120' rsym='DNASEXC'
[2026-07-20 22:31:06]   [EXC] page=4 candles=51 more='0' next='0' nrec='51' rsym='DNASEXC'
[2026-07-20 22:31:07]   [FANG] page=0 candles=120 more='0' next='1' nrec='120' rsym='DNASFANG'
[2026-07-20 22:31:08] [FANG] page=1 attempt=1 요청 예외: 500 Server Error: Internal Server Error for url: https://openapi.koreainvestment.com:9443/uapi/overseas-price/v1/quotations/inquire-time-itemchartprice?AUTH=&EXCD=NAS&SYMB=FANG&NMIN=30&PINC=1&NEXT=1&NREC=120&FILL=&KEYB=20260714170000
[2026-07-20 22:31:08] [FANG] page=1 attempt=1 실패: 요청 예외
[2026-07-20 22:31:10]   [FANG] page=1 candles=120 more='0' next='1' nrec='120' rsym='DNASFANG'
[2026-07-20 22:31:10]   [FANG] page=2 candles=120 more='0' next='1' nrec='120' rsym='DNASFANG'
[2026-07-20 22:31:11] [FANG] page=3 attempt=1 요청 예외: 500 Server Error: Internal Server Error for url: https://openapi.koreainvestment.com:9443/uapi/overseas-price/v1/quotations/inquire-time-itemchartprice?AUTH=&EXCD=NAS&SYMB=FANG&NMIN=30&PINC=1&NEXT=1&NREC=120&FILL=&KEYB=20260702053000
[2026-07-20 22:31:11] [FANG] page=3 attempt=1 실패: 요청 예외
[2026-07-20 22:31:13]   [FANG] page=3 candles=120 more='0' next='1' nrec='120' rsym='DNASFANG'
[2026-07-20 22:31:13]   [FANG] page=4 candles=116 more='0' next='0' nrec='116' rsym='DNASFANG'
[2026-07-20 22:31:14]   [FAST] page=0 candles=120 more='0' next='1' nrec='120' rsym='DNASFAST'
[2026-07-20 22:31:15]   [FAST] page=1 candles=120 more='0' next='1' nrec='120' rsym='DNASFAST'
[2026-07-20 22:31:15] [FAST] page=2 attempt=1 요청 예외: 500 Server Error: Internal Server Error for url: https://openapi.koreainvestment.com:9443/uapi/overseas-price/v1/quotations/inquire-time-itemchartprice?AUTH=&EXCD=NAS&SYMB=FAST&NMIN=30&PINC=1&NEXT=1&NREC=120&FILL=&KEYB=20260708013000
[2026-07-20 22:31:15] [FAST] page=2 attempt=1 실패: 요청 예외
[2026-07-20 22:31:17]   [FAST] page=2 candles=120 more='0' next='1' nrec='120' rsym='DNASFAST'
[2026-07-20 22:31:18]   [FAST] page=3 candles=120 more='0' next='1' nrec='120' rsym='DNASFAST'
[2026-07-20 22:31:18] [FAST] page=4 attempt=1 요청 예외: 500 Server Error: Internal Server Error for url: https://openapi.koreainvestment.com:9443/uapi/overseas-price/v1/quotations/inquire-time-itemchartprice?AUTH=&EXCD=NAS&SYMB=FAST&NMIN=30&PINC=1&NEXT=1&NREC=120&FILL=&KEYB=20260623213000
[2026-07-20 22:31:18] [FAST] page=4 attempt=1 실패: 요청 예외
[2026-07-20 22:31:20]   [FAST] page=4 candles=47 more='0' next='0' nrec='47' rsym='DNASFAST'
[2026-07-20 22:31:21]   [FTNT] page=0 candles=120 more='0' next='1' nrec='120' rsym='DNASFTNT'
[2026-07-20 22:31:22]   [FTNT] page=1 candles=120 more='0' next='1' nrec='120' rsym='DNASFTNT'
[2026-07-20 22:31:22]   [FTNT] page=2 candles=120 more='0' next='1' nrec='120' rsym='DNASFTNT'
[2026-07-20 22:31:22] [FTNT] page=3 attempt=1 요청 예외: 500 Server Error: Internal Server Error for url: https://openapi.koreainvestment.com:9443/uapi/overseas-price/v1/quotations/inquire-time-itemchartprice?AUTH=&EXCD=NAS&SYMB=FTNT&NMIN=30&PINC=1&NEXT=1&NREC=120&FILL=&KEYB=20260706203000
[2026-07-20 22:31:22] [FTNT] page=3 attempt=1 실패: 요청 예외
[2026-07-20 22:31:25]   [FTNT] page=3 candles=120 more='0' next='1' nrec='120' rsym='DNASFTNT'
[2026-07-20 22:31:25] [FTNT] page=4 attempt=1 요청 예외: 500 Server Error: Internal Server Error for url: https://openapi.koreainvestment.com:9443/uapi/overseas-price/v1/quotations/inquire-time-itemchartprice?AUTH=&EXCD=NAS&SYMB=FTNT&NMIN=30&PINC=1&NEXT=1&NREC=120&FILL=&KEYB=20260630203000
[2026-07-20 22:31:25] [FTNT] page=4 attempt=1 실패: 요청 예외
[2026-07-20 22:31:27]   [FTNT] page=4 candles=120 more='0' next='1' nrec='120' rsym='DNASFTNT'
[2026-07-20 22:31:28]   [FTNT] page=5 candles=120 more='0' next='1' nrec='120' rsym='DNASFTNT'
[2026-07-20 22:31:28]   [FTNT] page=6 candles=28 more='0' next='0' nrec='28' rsym='DNASFTNT'
[2026-07-20 22:31:29]   [GEHC] page=0 candles=120 more='0' next='1' nrec='120' rsym='DNASGEHC'
[2026-07-20 22:31:29] [GEHC] page=1 attempt=1 요청 예외: 500 Server Error: Internal Server Error for url: https://openapi.koreainvestment.com:9443/uapi/overseas-price/v1/quotations/inquire-time-itemchartprice?AUTH=&EXCD=NAS&SYMB=GEHC&NMIN=30&PINC=1&NEXT=1&NREC=120&FILL=&KEYB=20260714200000
[2026-07-20 22:31:29] [GEHC] page=1 attempt=1 실패: 요청 예외
[2026-07-20 22:31:31]   [GEHC] page=1 candles=120 more='0' next='1' nrec='120' rsym='DNASGEHC'
[2026-07-20 22:31:32]   [GEHC] page=2 candles=120 more='0' next='1' nrec='120' rsym='DNASGEHC'
[2026-07-20 22:31:32] [GEHC] page=3 attempt=1 요청 예외: 500 Server Error: Internal Server Error for url: https://openapi.koreainvestment.com:9443/uapi/overseas-price/v1/quotations/inquire-time-itemchartprice?AUTH=&EXCD=NAS&SYMB=GEHC&NMIN=30&PINC=1&NEXT=1&NREC=120&FILL=&KEYB=20260702030000
[2026-07-20 22:31:32] [GEHC] page=3 attempt=1 실패: 요청 예외
[2026-07-20 22:31:34]   [GEHC] page=3 candles=120 more='0' next='1' nrec='120' rsym='DNASGEHC'
[2026-07-20 22:31:35]   [GEHC] page=4 candles=120 more='0' next='0' nrec='120' rsym='DNASGEHC'
[2026-07-20 22:31:36]   [GILD] page=0 candles=120 more='0' next='1' nrec='120' rsym='DNASGILD'
[2026-07-20 22:31:36] [GILD] page=1 attempt=1 요청 예외: 500 Server Error: Internal Server Error for url: https://openapi.koreainvestment.com:9443/uapi/overseas-price/v1/quotations/inquire-time-itemchartprice?AUTH=&EXCD=NAS&SYMB=GILD&NMIN=30&PINC=1&NEXT=1&NREC=120&FILL=&KEYB=20260714080000
[2026-07-20 22:31:36] [GILD] page=1 attempt=1 실패: 요청 예외
[2026-07-20 22:31:38]   [GILD] page=1 candles=120 more='0' next='1' nrec='120' rsym='DNASGILD'
[2026-07-20 22:31:39] [GILD] page=2 attempt=1 요청 예외: 500 Server Error: Internal Server Error for url: https://openapi.koreainvestment.com:9443/uapi/overseas-price/v1/quotations/inquire-time-itemchartprice?AUTH=&EXCD=NAS&SYMB=GILD&NMIN=30&PINC=1&NEXT=1&NREC=120&FILL=&KEYB=20260708200000
[2026-07-20 22:31:39] [GILD] page=2 attempt=1 실패: 요청 예외
[2026-07-20 22:31:41]   [GILD] page=2 candles=120 more='0' next='1' nrec='120' rsym='DNASGILD'
[2026-07-20 22:31:41]   [GILD] page=3 candles=120 more='0' next='1' nrec='120' rsym='DNASGILD'
[2026-07-20 22:31:42] [GILD] page=4 attempt=1 요청 예외: 500 Server Error: Internal Server Error for url: https://openapi.koreainvestment.com:9443/uapi/overseas-price/v1/quotations/inquire-time-itemchartprice?AUTH=&EXCD=NAS&SYMB=GILD&NMIN=30&PINC=1&NEXT=1&NREC=120&FILL=&KEYB=20260627043000
[2026-07-20 22:31:42] [GILD] page=4 attempt=1 실패: 요청 예외
[2026-07-20 22:31:44]   [GILD] page=4 candles=120 more='0' next='1' nrec='120' rsym='DNASGILD'
[2026-07-20 22:31:44]   [GILD] page=5 candles=32 more='0' next='0' nrec='32' rsym='DNASGILD'
[2026-07-20 22:31:45]   [GOOG] page=0 candles=120 more='0' next='1' nrec='120' rsym='DNASGOOG'
[2026-07-20 22:31:46] [GOOG] page=1 attempt=1 요청 예외: 500 Server Error: Internal Server Error for url: https://openapi.koreainvestment.com:9443/uapi/overseas-price/v1/quotations/inquire-time-itemchartprice?AUTH=&EXCD=NAS&SYMB=GOOG&NMIN=30&PINC=1&NEXT=1&NREC=120&FILL=&KEYB=20260715023000
[2026-07-20 22:31:46] [GOOG] page=1 attempt=1 실패: 요청 예외
[2026-07-20 22:31:48]   [GOOG] page=1 candles=120 more='0' next='1' nrec='120' rsym='DNASGOOG'
[2026-07-20 22:31:48] [GOOG] page=2 attempt=1 요청 예외: 500 Server Error: Internal Server Error for url: https://openapi.koreainvestment.com:9443/uapi/overseas-price/v1/quotations/inquire-time-itemchartprice?AUTH=&EXCD=NAS&SYMB=GOOG&NMIN=30&PINC=1&NEXT=1&NREC=120&FILL=&KEYB=20260709203000
[2026-07-20 22:31:48] [GOOG] page=2 attempt=1 실패: 요청 예외
[2026-07-20 22:31:51]   [GOOG] page=2 candles=120 more='0' next='1' nrec='120' rsym='DNASGOOG'
[2026-07-20 22:31:51] [GOOG] page=3 attempt=1 요청 예외: 500 Server Error: Internal Server Error for url: https://openapi.koreainvestment.com:9443/uapi/overseas-price/v1/quotations/inquire-time-itemchartprice?AUTH=&EXCD=NAS&SYMB=GOOG&NMIN=30&PINC=1&NEXT=1&NREC=120&FILL=&KEYB=20260706203000
[2026-07-20 22:31:51] [GOOG] page=3 attempt=1 실패: 요청 예외
[2026-07-20 22:31:53]   [GOOG] page=3 candles=120 more='0' next='1' nrec='120' rsym='DNASGOOG'
[2026-07-20 22:31:53]   [GOOG] page=4 candles=120 more='0' next='1' nrec='120' rsym='DNASGOOG'
[2026-07-20 22:31:54]   [GOOG] page=5 candles=120 more='0' next='1' nrec='120' rsym='DNASGOOG'
[2026-07-20 22:31:54] [GOOG] page=6 attempt=1 요청 예외: 500 Server Error: Internal Server Error for url: https://openapi.koreainvestment.com:9443/uapi/overseas-price/v1/quotations/inquire-time-itemchartprice?AUTH=&EXCD=NAS&SYMB=GOOG&NMIN=30&PINC=1&NEXT=1&NREC=120&FILL=&KEYB=20260622203000
[2026-07-20 22:31:54] [GOOG] page=6 attempt=1 실패: 요청 예외
[2026-07-20 22:31:56]   [GOOG] page=6 candles=32 more='0' next='0' nrec='32' rsym='DNASGOOG'
[2026-07-20 22:31:57]   [GOOGL] page=0 candles=120 more='0' next='1' nrec='120' rsym='DNASGOOGL'
[2026-07-20 22:31:58] [GOOGL] page=1 attempt=1 요청 예외: 500 Server Error: Internal Server Error for url: https://openapi.koreainvestment.com:9443/uapi/overseas-price/v1/quotations/inquire-time-itemchartprice?AUTH=&EXCD=NAS&SYMB=GOOGL&NMIN=30&PINC=1&NEXT=1&NREC=120&FILL=&KEYB=20260715023000
[2026-07-20 22:31:58] [GOOGL] page=1 attempt=1 실패: 요청 예외
[2026-07-20 22:32:00]   [GOOGL] page=1 candles=120 more='0' next='1' nrec='120' rsym='DNASGOOGL'
[2026-07-20 22:32:00]   [GOOGL] page=2 candles=120 more='0' next='1' nrec='120' rsym='DNASGOOGL'
[2026-07-20 22:32:01]   [GOOGL] page=3 candles=120 more='0' next='1' nrec='120' rsym='DNASGOOGL'
[2026-07-20 22:32:01] [GOOGL] page=4 attempt=1 요청 예외: 500 Server Error: Internal Server Error for url: https://openapi.koreainvestment.com:9443/uapi/overseas-price/v1/quotations/inquire-time-itemchartprice?AUTH=&EXCD=NAS&SYMB=GOOGL&NMIN=30&PINC=1&NEXT=1&NREC=120&FILL=&KEYB=20260630203000
[2026-07-20 22:32:01] [GOOGL] page=4 attempt=1 실패: 요청 예외
[2026-07-20 22:32:03]   [GOOGL] page=4 candles=120 more='0' next='1' nrec='120' rsym='DNASGOOGL'
[2026-07-20 22:32:04]   [GOOGL] page=5 candles=120 more='0' next='1' nrec='120' rsym='DNASGOOGL'
[2026-07-20 22:32:04] [GOOGL] page=6 attempt=1 요청 예외: 500 Server Error: Internal Server Error for url: https://openapi.koreainvestment.com:9443/uapi/overseas-price/v1/quotations/inquire-time-itemchartprice?AUTH=&EXCD=NAS&SYMB=GOOGL&NMIN=30&PINC=1&NEXT=1&NREC=120&FILL=&KEYB=20260622203000
[2026-07-20 22:32:04] [GOOGL] page=6 attempt=1 실패: 요청 예외
[2026-07-20 22:32:06]   [GOOGL] page=6 candles=32 more='0' next='0' nrec='32' rsym='DNASGOOGL'
[2026-07-20 22:32:07]   [HON] page=0 candles=120 more='0' next='1' nrec='120' rsym='DNASHON'
[2026-07-20 22:32:08]   [HON] page=1 candles=120 more='0' next='1' nrec='120' rsym='DNASHON'
[2026-07-20 22:32:08] [HON] page=2 attempt=1 요청 예외: 500 Server Error: Internal Server Error for url: https://openapi.koreainvestment.com:9443/uapi/overseas-price/v1/quotations/inquire-time-itemchartprice?AUTH=&EXCD=NAS&SYMB=HON&NMIN=30&PINC=1&NEXT=1&NREC=120&FILL=&KEYB=20260709060000
[2026-07-20 22:32:08] [HON] page=2 attempt=1 실패: 요청 예외
[2026-07-20 22:32:10]   [HON] page=2 candles=120 more='0' next='1' nrec='120' rsym='DNASHON'
[2026-07-20 22:32:11]   [HON] page=3 candles=120 more='0' next='1' nrec='120' rsym='DNASHON'
[2026-07-20 22:32:11] [HON] page=4 attempt=1 요청 예외: 500 Server Error: Internal Server Error for url: https://openapi.koreainvestment.com:9443/uapi/overseas-price/v1/quotations/inquire-time-itemchartprice?AUTH=&EXCD=NAS&SYMB=HON&NMIN=30&PINC=1&NEXT=1&NREC=120&FILL=&KEYB=20260627063000
[2026-07-20 22:32:11] [HON] page=4 attempt=1 실패: 요청 예외
[2026-07-20 22:32:13]   [HON] page=4 candles=120 more='0' next='1' nrec='120' rsym='DNASHON'
[2026-07-20 22:32:14]   [HON] page=5 candles=64 more='0' next='0' nrec='64' rsym='DNASHON'
[2026-07-20 22:32:15]   [IDXX] page=0 candles=120 more='0' next='1' nrec='120' rsym='DNASIDXX'
[2026-07-20 22:32:15]   [IDXX] page=1 candles=120 more='0' next='1' nrec='120' rsym='DNASIDXX'
[2026-07-20 22:32:15] [IDXX] page=2 attempt=1 요청 예외: 500 Server Error: Internal Server Error for url: https://openapi.koreainvestment.com:9443/uapi/overseas-price/v1/quotations/inquire-time-itemchartprice?AUTH=&EXCD=NAS&SYMB=IDXX&NMIN=30&PINC=1&NEXT=1&NREC=120&FILL=&KEYB=20260702080000
[2026-07-20 22:32:15] [IDXX] page=2 attempt=1 실패: 요청 예외
[2026-07-20 22:32:18]   [IDXX] page=2 candles=120 more='0' next='1' nrec='120' rsym='DNASIDXX'
[2026-07-20 22:32:18]   [IDXX] page=3 candles=67 more='0' next='0' nrec='67' rsym='DNASIDXX'
[2026-07-20 22:32:19]   [INSM] page=0 candles=120 more='0' next='1' nrec='120' rsym='DNASINSM'
[2026-07-20 22:32:19] [INSM] page=1 attempt=1 요청 예외: 500 Server Error: Internal Server Error for url: https://openapi.koreainvestment.com:9443/uapi/overseas-price/v1/quotations/inquire-time-itemchartprice?AUTH=&EXCD=NAS&SYMB=INSM&NMIN=30&PINC=1&NEXT=1&NREC=120&FILL=&KEYB=20260711063000
[2026-07-20 22:32:19] [INSM] page=1 attempt=1 실패: 요청 예외
[2026-07-20 22:32:22]   [INSM] page=1 candles=120 more='0' next='1' nrec='120' rsym='DNASINSM'
[2026-07-20 22:32:22] [INSM] page=2 attempt=1 요청 예외: 500 Server Error: Internal Server Error for url: https://openapi.koreainvestment.com:9443/uapi/overseas-price/v1/quotations/inquire-time-itemchartprice?AUTH=&EXCD=NAS&SYMB=INSM&NMIN=30&PINC=1&NEXT=1&NREC=120&FILL=&KEYB=20260706200000
[2026-07-20 22:32:22] [INSM] page=2 attempt=1 실패: 요청 예외
[2026-07-20 22:32:24]   [INSM] page=2 candles=120 more='0' next='1' nrec='120' rsym='DNASINSM'
[2026-07-20 22:32:24]   [INSM] page=3 candles=120 more='0' next='1' nrec='120' rsym='DNASINSM'
[2026-07-20 22:32:25]   [INSM] page=4 candles=50 more='0' next='0' nrec='50' rsym='DNASINSM'
[2026-07-20 22:32:26]   [INTC] page=0 candles=120 more='0' next='1' nrec='120' rsym='DNASINTC'
[2026-07-20 22:32:26]   [INTC] page=1 candles=120 more='0' next='1' nrec='120' rsym='DNASINTC'
[2026-07-20 22:32:27]   [INTC] page=2 candles=120 more='0' next='1' nrec='120' rsym='DNASINTC'
[2026-07-20 22:32:27]   [INTC] page=3 candles=120 more='0' next='1' nrec='120' rsym='DNASINTC'
[2026-07-20 22:32:27] [INTC] page=4 attempt=1 요청 예외: 500 Server Error: Internal Server Error for url: https://openapi.koreainvestment.com:9443/uapi/overseas-price/v1/quotations/inquire-time-itemchartprice?AUTH=&EXCD=NAS&SYMB=INTC&NMIN=30&PINC=1&NEXT=1&NREC=120&FILL=&KEYB=20260630203000
[2026-07-20 22:32:27] [INTC] page=4 attempt=1 실패: 요청 예외
[2026-07-20 22:32:29]   [INTC] page=4 candles=120 more='0' next='1' nrec='120' rsym='DNASINTC'
[2026-07-20 22:32:30]   [INTC] page=5 candles=120 more='0' next='1' nrec='120' rsym='DNASINTC'
[2026-07-20 22:32:30] [INTC] page=6 attempt=1 요청 예외: 500 Server Error: Internal Server Error for url: https://openapi.koreainvestment.com:9443/uapi/overseas-price/v1/quotations/inquire-time-itemchartprice?AUTH=&EXCD=NAS&SYMB=INTC&NMIN=30&PINC=1&NEXT=1&NREC=120&FILL=&KEYB=20260622203000
[2026-07-20 22:32:30] [INTC] page=6 attempt=1 실패: 요청 예외
[2026-07-20 22:32:32]   [INTC] page=6 candles=32 more='0' next='0' nrec='32' rsym='DNASINTC'
[2026-07-20 22:32:33]   [INTU] page=0 candles=120 more='0' next='1' nrec='120' rsym='DNASINTU'
[2026-07-20 22:32:34] [INTU] page=1 attempt=1 요청 예외: 500 Server Error: Internal Server Error for url: https://openapi.koreainvestment.com:9443/uapi/overseas-price/v1/quotations/inquire-time-itemchartprice?AUTH=&EXCD=NAS&SYMB=INTU&NMIN=30&PINC=1&NEXT=1&NREC=120&FILL=&KEYB=20260715013000
[2026-07-20 22:32:34] [INTU] page=1 attempt=1 실패: 요청 예외
[2026-07-20 22:32:36]   [INTU] page=1 candles=120 more='0' next='1' nrec='120' rsym='DNASINTU'
[2026-07-20 22:32:36]   [INTU] page=2 candles=120 more='0' next='1' nrec='120' rsym='DNASINTU'
[2026-07-20 22:32:37]   [INTU] page=3 candles=120 more='0' next='1' nrec='120' rsym='DNASINTU'
[2026-07-20 22:32:37] [INTU] page=4 attempt=1 요청 예외: 500 Server Error: Internal Server Error for url: https://openapi.koreainvestment.com:9443/uapi/overseas-price/v1/quotations/inquire-time-itemchartprice?AUTH=&EXCD=NAS&SYMB=INTU&NMIN=30&PINC=1&NEXT=1&NREC=120&FILL=&KEYB=20260630203000
[2026-07-20 22:32:37] [INTU] page=4 attempt=1 실패: 요청 예외
[2026-07-20 22:32:39]   [INTU] page=4 candles=120 more='0' next='1' nrec='120' rsym='DNASINTU'
[2026-07-20 22:32:40]   [INTU] page=5 candles=120 more='0' next='1' nrec='120' rsym='DNASINTU'
[2026-07-20 22:32:40] [INTU] page=6 attempt=1 요청 예외: 500 Server Error: Internal Server Error for url: https://openapi.koreainvestment.com:9443/uapi/overseas-price/v1/quotations/inquire-time-itemchartprice?AUTH=&EXCD=NAS&SYMB=INTU&NMIN=30&PINC=1&NEXT=1&NREC=120&FILL=&KEYB=20260622203000
[2026-07-20 22:32:40] [INTU] page=6 attempt=1 실패: 요청 예외
[2026-07-20 22:32:42]   [INTU] page=6 candles=32 more='0' next='0' nrec='32' rsym='DNASINTU'
[2026-07-20 22:32:43]   [ISRG] page=0 candles=120 more='0' next='1' nrec='120' rsym='DNASISRG'
[2026-07-20 22:32:44]   [ISRG] page=1 candles=120 more='0' next='1' nrec='120' rsym='DNASISRG'
[2026-07-20 22:32:44] [ISRG] page=2 attempt=1 요청 예외: 500 Server Error: Internal Server Error for url: https://openapi.koreainvestment.com:9443/uapi/overseas-price/v1/quotations/inquire-time-itemchartprice?AUTH=&EXCD=NAS&SYMB=ISRG&NMIN=30&PINC=1&NEXT=1&NREC=120&FILL=&KEYB=20260709203000
[2026-07-20 22:32:44] [ISRG] page=2 attempt=1 실패: 요청 예외
[2026-07-20 22:32:46]   [ISRG] page=2 candles=120 more='0' next='1' nrec='120' rsym='DNASISRG'
[2026-07-20 22:32:47]   [ISRG] page=3 candles=120 more='0' next='1' nrec='120' rsym='DNASISRG'
[2026-07-20 22:32:47] [ISRG] page=4 attempt=1 요청 예외: 500 Server Error: Internal Server Error for url: https://openapi.koreainvestment.com:9443/uapi/overseas-price/v1/quotations/inquire-time-itemchartprice?AUTH=&EXCD=NAS&SYMB=ISRG&NMIN=30&PINC=1&NEXT=1&NREC=120&FILL=&KEYB=20260630203000
[2026-07-20 22:32:47] [ISRG] page=4 attempt=1 실패: 요청 예외
[2026-07-20 22:32:49]   [ISRG] page=4 candles=120 more='0' next='1' nrec='120' rsym='DNASISRG'
[2026-07-20 22:32:49]   [ISRG] page=5 candles=120 more='0' next='1' nrec='120' rsym='DNASISRG'
[2026-07-20 22:32:50]   [ISRG] page=6 candles=32 more='0' next='0' nrec='32' rsym='DNASISRG'
[2026-07-20 22:32:51]   [KDP] page=0 candles=120 more='0' next='1' nrec='120' rsym='DNASKDP'
[2026-07-20 22:32:51]   [KDP] page=1 candles=120 more='0' next='1' nrec='120' rsym='DNASKDP'
[2026-07-20 22:32:52]   [KDP] page=2 candles=120 more='0' next='1' nrec='120' rsym='DNASKDP'
[2026-07-20 22:32:52]   [KDP] page=3 candles=120 more='0' next='1' nrec='120' rsym='DNASKDP'
[2026-07-20 22:32:52] [KDP] page=4 attempt=1 요청 예외: 500 Server Error: Internal Server Error for url: https://openapi.koreainvestment.com:9443/uapi/overseas-price/v1/quotations/inquire-time-itemchartprice?AUTH=&EXCD=NAS&SYMB=KDP&NMIN=30&PINC=1&NEXT=1&NREC=120&FILL=&KEYB=20260625163000
[2026-07-20 22:32:52] [KDP] page=4 attempt=1 실패: 요청 예외
[2026-07-20 22:32:54]   [KDP] page=4 candles=107 more='0' next='0' nrec='107' rsym='DNASKDP'
[2026-07-20 22:32:56]   [KHC] page=0 candles=120 more='0' next='1' nrec='120' rsym='DNASKHC'
[2026-07-20 22:32:56] [KHC] page=1 attempt=1 요청 예외: 500 Server Error: Internal Server Error for url: https://openapi.koreainvestment.com:9443/uapi/overseas-price/v1/quotations/inquire-time-itemchartprice?AUTH=&EXCD=NAS&SYMB=KHC&NMIN=30&PINC=1&NEXT=1&NREC=120&FILL=&KEYB=20260715003000
[2026-07-20 22:32:56] [KHC] page=1 attempt=1 실패: 요청 예외
[2026-07-20 22:32:58]   [KHC] page=1 candles=120 more='0' next='1' nrec='120' rsym='DNASKHC'
[2026-07-20 22:32:58]   [KHC] page=2 candles=120 more='0' next='1' nrec='120' rsym='DNASKHC'
[2026-07-20 22:32:59]   [KHC] page=3 candles=120 more='0' next='1' nrec='120' rsym='DNASKHC'
[2026-07-20 22:32:59] [KHC] page=4 attempt=1 요청 예외: 500 Server Error: Internal Server Error for url: https://openapi.koreainvestment.com:9443/uapi/overseas-price/v1/quotations/inquire-time-itemchartprice?AUTH=&EXCD=NAS&SYMB=KHC&NMIN=30&PINC=1&NEXT=1&NREC=120&FILL=&KEYB=20260630203000
[2026-07-20 22:32:59] [KHC] page=4 attempt=1 실패: 요청 예외
[2026-07-20 22:33:01]   [KHC] page=4 candles=120 more='0' next='1' nrec='120' rsym='DNASKHC'
[2026-07-20 22:33:02] [KHC] page=5 attempt=1 요청 예외: 500 Server Error: Internal Server Error for url: https://openapi.koreainvestment.com:9443/uapi/overseas-price/v1/quotations/inquire-time-itemchartprice?AUTH=&EXCD=NAS&SYMB=KHC&NMIN=30&PINC=1&NEXT=1&NREC=120&FILL=&KEYB=20260625200000
[2026-07-20 22:33:02] [KHC] page=5 attempt=1 실패: 요청 예외
[2026-07-20 22:33:04]   [KHC] page=5 candles=120 more='0' next='1' nrec='120' rsym='DNASKHC'
[2026-07-20 22:33:04]   [KHC] page=6 candles=32 more='0' next='0' nrec='32' rsym='DNASKHC'
[2026-07-20 22:33:05]   [KLAC] page=0 candles=120 more='0' next='1' nrec='120' rsym='DNASKLAC'
[2026-07-20 22:33:06]   [KLAC] page=1 candles=120 more='0' next='1' nrec='120' rsym='DNASKLAC'
[2026-07-20 22:33:06] [KLAC] page=2 attempt=1 요청 예외: 500 Server Error: Internal Server Error for url: https://openapi.koreainvestment.com:9443/uapi/overseas-price/v1/quotations/inquire-time-itemchartprice?AUTH=&EXCD=NAS&SYMB=KLAC&NMIN=30&PINC=1&NEXT=1&NREC=120&FILL=&KEYB=20260709203000
[2026-07-20 22:33:06] [KLAC] page=2 attempt=1 실패: 요청 예외
[2026-07-20 22:33:08]   [KLAC] page=2 candles=120 more='0' next='1' nrec='120' rsym='DNASKLAC'
[2026-07-20 22:33:09]   [KLAC] page=3 candles=120 more='0' next='1' nrec='120' rsym='DNASKLAC'
[2026-07-20 22:33:09] [KLAC] page=4 attempt=1 요청 예외: 500 Server Error: Internal Server Error for url: https://openapi.koreainvestment.com:9443/uapi/overseas-price/v1/quotations/inquire-time-itemchartprice?AUTH=&EXCD=NAS&SYMB=KLAC&NMIN=30&PINC=1&NEXT=1&NREC=120&FILL=&KEYB=20260630203000
[2026-07-20 22:33:09] [KLAC] page=4 attempt=1 실패: 요청 예외
[2026-07-20 22:33:11]   [KLAC] page=4 candles=120 more='0' next='1' nrec='120' rsym='DNASKLAC'
[2026-07-20 22:33:12]   [KLAC] page=5 candles=120 more='0' next='1' nrec='120' rsym='DNASKLAC'
[2026-07-20 22:33:12]   [KLAC] page=6 candles=32 more='0' next='0' nrec='32' rsym='DNASKLAC'
[2026-07-20 22:33:13]   [LRCX] page=0 candles=120 more='0' next='1' nrec='120' rsym='DNASLRCX'
[2026-07-20 22:33:13]   [LRCX] page=1 candles=120 more='0' next='1' nrec='120' rsym='DNASLRCX'
[2026-07-20 22:33:14]   [LRCX] page=2 candles=120 more='0' next='1' nrec='120' rsym='DNASLRCX'
[2026-07-20 22:33:14]   [LRCX] page=3 candles=120 more='0' next='1' nrec='120' rsym='DNASLRCX'
[2026-07-20 22:33:14] [LRCX] page=4 attempt=1 요청 예외: 500 Server Error: Internal Server Error for url: https://openapi.koreainvestment.com:9443/uapi/overseas-price/v1/quotations/inquire-time-itemchartprice?AUTH=&EXCD=NAS&SYMB=LRCX&NMIN=30&PINC=1&NEXT=1&NREC=120&FILL=&KEYB=20260630203000
[2026-07-20 22:33:14] [LRCX] page=4 attempt=1 실패: 요청 예외
[2026-07-20 22:33:16]   [LRCX] page=4 candles=120 more='0' next='1' nrec='120' rsym='DNASLRCX'
[2026-07-20 22:33:17] [LRCX] page=5 attempt=1 요청 예외: 500 Server Error: Internal Server Error for url: https://openapi.koreainvestment.com:9443/uapi/overseas-price/v1/quotations/inquire-time-itemchartprice?AUTH=&EXCD=NAS&SYMB=LRCX&NMIN=30&PINC=1&NEXT=1&NREC=120&FILL=&KEYB=20260625203000
[2026-07-20 22:33:17] [LRCX] page=5 attempt=1 실패: 요청 예외
[2026-07-20 22:33:19]   [LRCX] page=5 candles=120 more='0' next='1' nrec='120' rsym='DNASLRCX'
[2026-07-20 22:33:19]   [LRCX] page=6 candles=32 more='0' next='0' nrec='32' rsym='DNASLRCX'
[2026-07-20 22:33:20]   [MAR] page=0 candles=120 more='0' next='1' nrec='120' rsym='DNASMAR'
[2026-07-20 22:33:21] [MAR] page=1 attempt=1 요청 예외: 500 Server Error: Internal Server Error for url: https://openapi.koreainvestment.com:9443/uapi/overseas-price/v1/quotations/inquire-time-itemchartprice?AUTH=&EXCD=NAS&SYMB=MAR&NMIN=30&PINC=1&NEXT=1&NREC=120&FILL=&KEYB=20260714013000
[2026-07-20 22:33:21] [MAR] page=1 attempt=1 실패: 요청 예외
[2026-07-20 22:33:23]   [MAR] page=1 candles=120 more='0' next='1' nrec='120' rsym='DNASMAR'
[2026-07-20 22:33:23]   [MAR] page=2 candles=120 more='0' next='1' nrec='120' rsym='DNASMAR'
[2026-07-20 22:33:24]   [MAR] page=3 candles=120 more='0' next='1' nrec='120' rsym='DNASMAR'
[2026-07-20 22:33:24] [MAR] page=4 attempt=1 요청 예외: 500 Server Error: Internal Server Error for url: https://openapi.koreainvestment.com:9443/uapi/overseas-price/v1/quotations/inquire-time-itemchartprice?AUTH=&EXCD=NAS&SYMB=MAR&NMIN=30&PINC=1&NEXT=1&NREC=120&FILL=&KEYB=20260625040000
[2026-07-20 22:33:24] [MAR] page=4 attempt=1 실패: 요청 예외
[2026-07-20 22:33:26]   [MAR] page=4 candles=84 more='0' next='0' nrec='84' rsym='DNASMAR'
[2026-07-20 22:33:27]   [MCHP] page=0 candles=120 more='0' next='1' nrec='120' rsym='DNASMCHP'
[2026-07-20 22:33:28] [MCHP] page=1 attempt=1 요청 예외: 500 Server Error: Internal Server Error for url: https://openapi.koreainvestment.com:9443/uapi/overseas-price/v1/quotations/inquire-time-itemchartprice?AUTH=&EXCD=NAS&SYMB=MCHP&NMIN=30&PINC=1&NEXT=1&NREC=120&FILL=&KEYB=20260714233000
[2026-07-20 22:33:28] [MCHP] page=1 attempt=1 실패: 요청 예외
[2026-07-20 22:33:30]   [MCHP] page=1 candles=120 more='0' next='1' nrec='120' rsym='DNASMCHP'
[2026-07-20 22:33:30] [MCHP] page=2 attempt=1 요청 예외: 500 Server Error: Internal Server Error for url: https://openapi.koreainvestment.com:9443/uapi/overseas-price/v1/quotations/inquire-time-itemchartprice?AUTH=&EXCD=NAS&SYMB=MCHP&NMIN=30&PINC=1&NEXT=1&NREC=120&FILL=&KEYB=20260709183000
[2026-07-20 22:33:30] [MCHP] page=2 attempt=1 실패: 요청 예외
[2026-07-20 22:33:33]   [MCHP] page=2 candles=120 more='0' next='1' nrec='120' rsym='DNASMCHP'
[2026-07-20 22:33:33] [MCHP] page=3 attempt=1 요청 예외: 500 Server Error: Internal Server Error for url: https://openapi.koreainvestment.com:9443/uapi/overseas-price/v1/quotations/inquire-time-itemchartprice?AUTH=&EXCD=NAS&SYMB=MCHP&NMIN=30&PINC=1&NEXT=1&NREC=120&FILL=&KEYB=20260706163000
[2026-07-20 22:33:33] [MCHP] page=3 attempt=1 실패: 요청 예외
[2026-07-20 22:33:35]   [MCHP] page=3 candles=120 more='0' next='1' nrec='120' rsym='DNASMCHP'
[2026-07-20 22:33:35]   [MCHP] page=4 candles=120 more='0' next='1' nrec='120' rsym='DNASMCHP'
[2026-07-20 22:33:36]   [MCHP] page=5 candles=96 more='0' next='0' nrec='96' rsym='DNASMCHP'
[2026-07-20 22:33:37]   [MDLZ] page=0 candles=120 more='0' next='1' nrec='120' rsym='DNASMDLZ'
[2026-07-20 22:33:37]   [MDLZ] page=1 candles=120 more='0' next='1' nrec='120' rsym='DNASMDLZ'
[2026-07-20 22:33:38]   [MDLZ] page=2 candles=120 more='0' next='1' nrec='120' rsym='DNASMDLZ'
[2026-07-20 22:33:38] [MDLZ] page=3 attempt=1 요청 예외: 500 Server Error: Internal Server Error for url: https://openapi.koreainvestment.com:9443/uapi/overseas-price/v1/quotations/inquire-time-itemchartprice?AUTH=&EXCD=NAS&SYMB=MDLZ&NMIN=30&PINC=1&NEXT=1&NREC=120&FILL=&KEYB=20260701003000
[2026-07-20 22:33:38] [MDLZ] page=3 attempt=1 실패: 요청 예외
[2026-07-20 22:33:40]   [MDLZ] page=3 candles=120 more='0' next='1' nrec='120' rsym='DNASMDLZ'
[2026-07-20 22:33:40]   [MDLZ] page=4 candles=80 more='0' next='0' nrec='80' rsym='DNASMDLZ'
[2026-07-20 22:33:41]   [MELI] page=0 candles=120 more='0' next='1' nrec='120' rsym='DNASMELI'
[2026-07-20 22:33:42]   [MELI] page=1 candles=120 more='0' next='1' nrec='120' rsym='DNASMELI'
[2026-07-20 22:33:42] [MELI] page=2 attempt=1 요청 예외: 500 Server Error: Internal Server Error for url: https://openapi.koreainvestment.com:9443/uapi/overseas-price/v1/quotations/inquire-time-itemchartprice?AUTH=&EXCD=NAS&SYMB=MELI&NMIN=30&PINC=1&NEXT=1&NREC=120&FILL=&KEYB=20260709200000
[2026-07-20 22:33:42] [MELI] page=2 attempt=1 실패: 요청 예외
[2026-07-20 22:33:44]   [MELI] page=2 candles=120 more='0' next='1' nrec='120' rsym='DNASMELI'
[2026-07-20 22:33:45]   [MELI] page=3 candles=120 more='0' next='1' nrec='120' rsym='DNASMELI'
[2026-07-20 22:33:45] [MELI] page=4 attempt=1 요청 예외: 500 Server Error: Internal Server Error for url: https://openapi.koreainvestment.com:9443/uapi/overseas-price/v1/quotations/inquire-time-itemchartprice?AUTH=&EXCD=NAS&SYMB=MELI&NMIN=30&PINC=1&NEXT=1&NREC=120&FILL=&KEYB=20260630203000
[2026-07-20 22:33:45] [MELI] page=4 attempt=1 실패: 요청 예외
[2026-07-20 22:33:47]   [MELI] page=4 candles=120 more='0' next='1' nrec='120' rsym='DNASMELI'
[2026-07-20 22:33:48] [MELI] page=5 attempt=1 요청 예외: 500 Server Error: Internal Server Error for url: https://openapi.koreainvestment.com:9443/uapi/overseas-price/v1/quotations/inquire-time-itemchartprice?AUTH=&EXCD=NAS&SYMB=MELI&NMIN=30&PINC=1&NEXT=1&NREC=120&FILL=&KEYB=20260625203000
[2026-07-20 22:33:48] [MELI] page=5 attempt=1 실패: 요청 예외
[2026-07-20 22:33:50]   [MELI] page=5 candles=120 more='0' next='1' nrec='120' rsym='DNASMELI'
[2026-07-20 22:33:50]   [MELI] page=6 candles=32 more='0' next='0' nrec='32' rsym='DNASMELI'
[2026-07-20 22:33:51]   [META] page=0 candles=120 more='0' next='1' nrec='120' rsym='DNASMETA'
[2026-07-20 22:33:52]   [META] page=1 candles=120 more='0' next='1' nrec='120' rsym='DNASMETA'
[2026-07-20 22:33:52] [META] page=2 attempt=1 요청 예외: 500 Server Error: Internal Server Error for url: https://openapi.koreainvestment.com:9443/uapi/overseas-price/v1/quotations/inquire-time-itemchartprice?AUTH=&EXCD=NAS&SYMB=META&NMIN=30&PINC=1&NEXT=1&NREC=120&FILL=&KEYB=20260709203000
[2026-07-20 22:33:52] [META] page=2 attempt=1 실패: 요청 예외
[2026-07-20 22:33:54]   [META] page=2 candles=120 more='0' next='1' nrec='120' rsym='DNASMETA'
[2026-07-20 22:33:55]   [META] page=3 candles=120 more='0' next='1' nrec='120' rsym='DNASMETA'
[2026-07-20 22:33:55]   [META] page=4 candles=120 more='0' next='1' nrec='120' rsym='DNASMETA'
[2026-07-20 22:33:55] [META] page=5 attempt=1 요청 예외: 500 Server Error: Internal Server Error for url: https://openapi.koreainvestment.com:9443/uapi/overseas-price/v1/quotations/inquire-time-itemchartprice?AUTH=&EXCD=NAS&SYMB=META&NMIN=30&PINC=1&NEXT=1&NREC=120&FILL=&KEYB=20260625203000
[2026-07-20 22:33:55] [META] page=5 attempt=1 실패: 요청 예외
[2026-07-20 22:33:57]   [META] page=5 candles=120 more='0' next='1' nrec='120' rsym='DNASMETA'
[2026-07-20 22:33:58]   [META] page=6 candles=32 more='0' next='0' nrec='32' rsym='DNASMETA'
[2026-07-20 22:33:59]   [MNST] page=0 candles=120 more='0' next='1' nrec='120' rsym='DNASMNST'
[2026-07-20 22:33:59]   [MNST] page=1 candles=120 more='0' next='1' nrec='120' rsym='DNASMNST'
[2026-07-20 22:34:00]   [MNST] page=2 candles=120 more='0' next='1' nrec='120' rsym='DNASMNST'
[2026-07-20 22:34:00] [MNST] page=3 attempt=1 요청 예외: 500 Server Error: Internal Server Error for url: https://openapi.koreainvestment.com:9443/uapi/overseas-price/v1/quotations/inquire-time-itemchartprice?AUTH=&EXCD=NAS&SYMB=MNST&NMIN=30&PINC=1&NEXT=1&NREC=120&FILL=&KEYB=20260703080000
[2026-07-20 22:34:00] [MNST] page=3 attempt=1 실패: 요청 예외
[2026-07-20 22:34:02]   [MNST] page=3 candles=120 more='0' next='1' nrec='120' rsym='DNASMNST'
[2026-07-20 22:34:02]   [MNST] page=4 candles=120 more='0' next='1' nrec='120' rsym='DNASMNST'
[2026-07-20 22:34:03] [MNST] page=5 attempt=1 요청 예외: 500 Server Error: Internal Server Error for url: https://openapi.koreainvestment.com:9443/uapi/overseas-price/v1/quotations/inquire-time-itemchartprice?AUTH=&EXCD=NAS&SYMB=MNST&NMIN=30&PINC=1&NEXT=1&NREC=120&FILL=&KEYB=20260623163000
[2026-07-20 22:34:03] [MNST] page=5 attempt=1 실패: 요청 예외
[2026-07-20 22:34:05]   [MNST] page=5 candles=56 more='0' next='0' nrec='56' rsym='DNASMNST'
[2026-07-20 22:34:06]   [MPWR] page=0 candles=120 more='0' next='1' nrec='120' rsym='DNASMPWR'
[2026-07-20 22:34:06]   [MPWR] page=1 candles=120 more='0' next='1' nrec='120' rsym='DNASMPWR'
[2026-07-20 22:34:07] [MPWR] page=2 attempt=1 요청 예외: 500 Server Error: Internal Server Error for url: https://openapi.koreainvestment.com:9443/uapi/overseas-price/v1/quotations/inquire-time-itemchartprice?AUTH=&EXCD=NAS&SYMB=MPWR&NMIN=30&PINC=1&NEXT=1&NREC=120&FILL=&KEYB=20260709170000
[2026-07-20 22:34:07] [MPWR] page=2 attempt=1 실패: 요청 예외
[2026-07-20 22:34:09]   [MPWR] page=2 candles=120 more='0' next='1' nrec='120' rsym='DNASMPWR'
[2026-07-20 22:34:09]   [MPWR] page=3 candles=120 more='0' next='1' nrec='120' rsym='DNASMPWR'
[2026-07-20 22:34:10] [MPWR] page=4 attempt=1 요청 예외: 500 Server Error: Internal Server Error for url: https://openapi.koreainvestment.com:9443/uapi/overseas-price/v1/quotations/inquire-time-itemchartprice?AUTH=&EXCD=NAS&SYMB=MPWR&NMIN=30&PINC=1&NEXT=1&NREC=120&FILL=&KEYB=20260629183000
[2026-07-20 22:34:10] [MPWR] page=4 attempt=1 실패: 요청 예외
[2026-07-20 22:34:12]   [MPWR] page=4 candles=120 more='0' next='1' nrec='120' rsym='DNASMPWR'
[2026-07-20 22:34:12] [MPWR] page=5 attempt=1 요청 예외: 500 Server Error: Internal Server Error for url: https://openapi.koreainvestment.com:9443/uapi/overseas-price/v1/quotations/inquire-time-itemchartprice?AUTH=&EXCD=NAS&SYMB=MPWR&NMIN=30&PINC=1&NEXT=1&NREC=120&FILL=&KEYB=20260624180000
[2026-07-20 22:34:12] [MPWR] page=5 attempt=1 실패: 요청 예외
[2026-07-20 22:34:15]   [MPWR] page=5 candles=92 more='0' next='0' nrec='92' rsym='DNASMPWR'
[2026-07-20 22:34:16]   [MRVL] page=0 candles=120 more='0' next='1' nrec='120' rsym='DNASMRVL'
[2026-07-20 22:34:16] [MRVL] page=1 attempt=1 요청 예외: 500 Server Error: Internal Server Error for url: https://openapi.koreainvestment.com:9443/uapi/overseas-price/v1/quotations/inquire-time-itemchartprice?AUTH=&EXCD=NAS&SYMB=MRVL&NMIN=30&PINC=1&NEXT=1&NREC=120&FILL=&KEYB=20260715023000
[2026-07-20 22:34:16] [MRVL] page=1 attempt=1 실패: 요청 예외
[2026-07-20 22:34:18]   [MRVL] page=1 candles=120 more='0' next='1' nrec='120' rsym='DNASMRVL'
[2026-07-20 22:34:19]   [MRVL] page=2 candles=120 more='0' next='1' nrec='120' rsym='DNASMRVL'
[2026-07-20 22:34:19] [MRVL] page=3 attempt=1 요청 예외: 500 Server Error: Internal Server Error for url: https://openapi.koreainvestment.com:9443/uapi/overseas-price/v1/quotations/inquire-time-itemchartprice?AUTH=&EXCD=NAS&SYMB=MRVL&NMIN=30&PINC=1&NEXT=1&NREC=120&FILL=&KEYB=20260706203000
[2026-07-20 22:34:19] [MRVL] page=3 attempt=1 실패: 요청 예외
[2026-07-20 22:34:21]   [MRVL] page=3 candles=120 more='0' next='1' nrec='120' rsym='DNASMRVL'
[2026-07-20 22:34:22]   [MRVL] page=4 candles=120 more='0' next='1' nrec='120' rsym='DNASMRVL'
[2026-07-20 22:34:22] [MRVL] page=5 attempt=1 요청 예외: 500 Server Error: Internal Server Error for url: https://openapi.koreainvestment.com:9443/uapi/overseas-price/v1/quotations/inquire-time-itemchartprice?AUTH=&EXCD=NAS&SYMB=MRVL&NMIN=30&PINC=1&NEXT=1&NREC=120&FILL=&KEYB=20260625203000
[2026-07-20 22:34:22] [MRVL] page=5 attempt=1 실패: 요청 예외
[2026-07-20 22:34:24]   [MRVL] page=5 candles=120 more='0' next='1' nrec='120' rsym='DNASMRVL'
[2026-07-20 22:34:24]   [MRVL] page=6 candles=32 more='0' next='0' nrec='32' rsym='DNASMRVL'
[2026-07-20 22:34:26]   [MSFT] page=0 candles=120 more='0' next='1' nrec='120' rsym='DNASMSFT'
[2026-07-20 22:34:26]   [MSFT] page=1 candles=120 more='0' next='1' nrec='120' rsym='DNASMSFT'
[2026-07-20 22:34:26] [MSFT] page=2 attempt=1 요청 예외: 500 Server Error: Internal Server Error for url: https://openapi.koreainvestment.com:9443/uapi/overseas-price/v1/quotations/inquire-time-itemchartprice?AUTH=&EXCD=NAS&SYMB=MSFT&NMIN=30&PINC=1&NEXT=1&NREC=120&FILL=&KEYB=20260709203000
[2026-07-20 22:34:26] [MSFT] page=2 attempt=1 실패: 요청 예외
[2026-07-20 22:34:29]   [MSFT] page=2 candles=120 more='0' next='1' nrec='120' rsym='DNASMSFT'
[2026-07-20 22:34:29]   [MSFT] page=3 candles=120 more='0' next='1' nrec='120' rsym='DNASMSFT'
[2026-07-20 22:34:29] [MSFT] page=4 attempt=1 요청 예외: 500 Server Error: Internal Server Error for url: https://openapi.koreainvestment.com:9443/uapi/overseas-price/v1/quotations/inquire-time-itemchartprice?AUTH=&EXCD=NAS&SYMB=MSFT&NMIN=30&PINC=1&NEXT=1&NREC=120&FILL=&KEYB=20260630203000
[2026-07-20 22:34:29] [MSFT] page=4 attempt=1 실패: 요청 예외
[2026-07-20 22:34:31]   [MSFT] page=4 candles=120 more='0' next='1' nrec='120' rsym='DNASMSFT'
[2026-07-20 22:34:32]   [MSFT] page=5 candles=120 more='0' next='1' nrec='120' rsym='DNASMSFT'
[2026-07-20 22:34:32] [MSFT] page=6 attempt=1 요청 예외: 500 Server Error: Internal Server Error for url: https://openapi.koreainvestment.com:9443/uapi/overseas-price/v1/quotations/inquire-time-itemchartprice?AUTH=&EXCD=NAS&SYMB=MSFT&NMIN=30&PINC=1&NEXT=1&NREC=120&FILL=&KEYB=20260622203000
[2026-07-20 22:34:32] [MSFT] page=6 attempt=1 실패: 요청 예외
[2026-07-20 22:34:34]   [MSFT] page=6 candles=32 more='0' next='0' nrec='32' rsym='DNASMSFT'
[2026-07-20 22:34:35]   [MSTR] page=0 candles=120 more='0' next='1' nrec='120' rsym='DNASMSTR'
[2026-07-20 22:34:36] [MSTR] page=1 attempt=1 요청 예외: 500 Server Error: Internal Server Error for url: https://openapi.koreainvestment.com:9443/uapi/overseas-price/v1/quotations/inquire-time-itemchartprice?AUTH=&EXCD=NAS&SYMB=MSTR&NMIN=30&PINC=1&NEXT=1&NREC=120&FILL=&KEYB=20260715023000
[2026-07-20 22:34:36] [MSTR] page=1 attempt=1 실패: 요청 예외
[2026-07-20 22:34:38]   [MSTR] page=1 candles=120 more='0' next='1' nrec='120' rsym='DNASMSTR'
[2026-07-20 22:34:38]   [MSTR] page=2 candles=120 more='0' next='1' nrec='120' rsym='DNASMSTR'
[2026-07-20 22:34:39]   [MSTR] page=3 candles=120 more='0' next='1' nrec='120' rsym='DNASMSTR'
[2026-07-20 22:34:39] [MSTR] page=4 attempt=1 요청 예외: 500 Server Error: Internal Server Error for url: https://openapi.koreainvestment.com:9443/uapi/overseas-price/v1/quotations/inquire-time-itemchartprice?AUTH=&EXCD=NAS&SYMB=MSTR&NMIN=30&PINC=1&NEXT=1&NREC=120&FILL=&KEYB=20260630203000
[2026-07-20 22:34:39] [MSTR] page=4 attempt=1 실패: 요청 예외
[2026-07-20 22:34:41]   [MSTR] page=4 candles=120 more='0' next='1' nrec='120' rsym='DNASMSTR'
[2026-07-20 22:34:42] [MSTR] page=5 attempt=1 요청 예외: 500 Server Error: Internal Server Error for url: https://openapi.koreainvestment.com:9443/uapi/overseas-price/v1/quotations/inquire-time-itemchartprice?AUTH=&EXCD=NAS&SYMB=MSTR&NMIN=30&PINC=1&NEXT=1&NREC=120&FILL=&KEYB=20260625203000
[2026-07-20 22:34:42] [MSTR] page=5 attempt=1 실패: 요청 예외
[2026-07-20 22:34:44]   [MSTR] page=5 candles=120 more='0' next='1' nrec='120' rsym='DNASMSTR'
[2026-07-20 22:34:44]   [MSTR] page=6 candles=32 more='0' next='0' nrec='32' rsym='DNASMSTR'
[2026-07-20 22:34:45]   [MU] page=0 candles=120 more='0' next='1' nrec='120' rsym='DNASMU'
[2026-07-20 22:34:46]   [MU] page=1 candles=120 more='0' next='1' nrec='120' rsym='DNASMU'
[2026-07-20 22:34:46] [MU] page=2 attempt=1 요청 예외: 500 Server Error: Internal Server Error for url: https://openapi.koreainvestment.com:9443/uapi/overseas-price/v1/quotations/inquire-time-itemchartprice?AUTH=&EXCD=NAS&SYMB=MU&NMIN=30&PINC=1&NEXT=1&NREC=120&FILL=&KEYB=20260709203000
[2026-07-20 22:34:46] [MU] page=2 attempt=1 실패: 요청 예외
[2026-07-20 22:34:48]   [MU] page=2 candles=120 more='0' next='1' nrec='120' rsym='DNASMU'
[2026-07-20 22:34:49]   [MU] page=3 candles=120 more='0' next='1' nrec='120' rsym='DNASMU'
[2026-07-20 22:34:49] [MU] page=4 attempt=1 요청 예외: 500 Server Error: Internal Server Error for url: https://openapi.koreainvestment.com:9443/uapi/overseas-price/v1/quotations/inquire-time-itemchartprice?AUTH=&EXCD=NAS&SYMB=MU&NMIN=30&PINC=1&NEXT=1&NREC=120&FILL=&KEYB=20260630203000
[2026-07-20 22:34:49] [MU] page=4 attempt=1 실패: 요청 예외
[2026-07-20 22:34:51]   [MU] page=4 candles=120 more='0' next='1' nrec='120' rsym='DNASMU'
[2026-07-20 22:34:52]   [MU] page=5 candles=120 more='0' next='1' nrec='120' rsym='DNASMU'
[2026-07-20 22:34:52] [MU] page=6 attempt=1 요청 예외: 500 Server Error: Internal Server Error for url: https://openapi.koreainvestment.com:9443/uapi/overseas-price/v1/quotations/inquire-time-itemchartprice?AUTH=&EXCD=NAS&SYMB=MU&NMIN=30&PINC=1&NEXT=1&NREC=120&FILL=&KEYB=20260622203000
[2026-07-20 22:34:52] [MU] page=6 attempt=1 실패: 요청 예외
[2026-07-20 22:34:54]   [MU] page=6 candles=32 more='0' next='0' nrec='32' rsym='DNASMU'
[2026-07-20 22:34:55]   [NFLX] page=0 candles=120 more='0' next='1' nrec='120' rsym='DNASNFLX'
[2026-07-20 22:34:56]   [NFLX] page=1 candles=120 more='0' next='1' nrec='120' rsym='DNASNFLX'
[2026-07-20 22:34:56]   [NFLX] page=2 candles=120 more='0' next='1' nrec='120' rsym='DNASNFLX'
[2026-07-20 22:34:56] [NFLX] page=3 attempt=1 요청 예외: 500 Server Error: Internal Server Error for url: https://openapi.koreainvestment.com:9443/uapi/overseas-price/v1/quotations/inquire-time-itemchartprice?AUTH=&EXCD=NAS&SYMB=NFLX&NMIN=30&PINC=1&NEXT=1&NREC=120&FILL=&KEYB=20260706203000
[2026-07-20 22:34:56] [NFLX] page=3 attempt=1 실패: 요청 예외
[2026-07-20 22:34:58]   [NFLX] page=3 candles=120 more='0' next='1' nrec='120' rsym='DNASNFLX'
[2026-07-20 22:34:59] [NFLX] page=4 attempt=1 요청 예외: 500 Server Error: Internal Server Error for url: https://openapi.koreainvestment.com:9443/uapi/overseas-price/v1/quotations/inquire-time-itemchartprice?AUTH=&EXCD=NAS&SYMB=NFLX&NMIN=30&PINC=1&NEXT=1&NREC=120&FILL=&KEYB=20260630203000
[2026-07-20 22:34:59] [NFLX] page=4 attempt=1 실패: 요청 예외
[2026-07-20 22:35:01]   [NFLX] page=4 candles=120 more='0' next='1' nrec='120' rsym='DNASNFLX'
[2026-07-20 22:35:01]   [NFLX] page=5 candles=120 more='0' next='1' nrec='120' rsym='DNASNFLX'
[2026-07-20 22:35:02] [NFLX] page=6 attempt=1 요청 예외: 500 Server Error: Internal Server Error for url: https://openapi.koreainvestment.com:9443/uapi/overseas-price/v1/quotations/inquire-time-itemchartprice?AUTH=&EXCD=NAS&SYMB=NFLX&NMIN=30&PINC=1&NEXT=1&NREC=120&FILL=&KEYB=20260622203000
[2026-07-20 22:35:02] [NFLX] page=6 attempt=1 실패: 요청 예외
[2026-07-20 22:35:04]   [NFLX] page=6 candles=32 more='0' next='0' nrec='32' rsym='DNASNFLX'
[2026-07-20 22:35:05]   [NVDA] page=0 candles=120 more='0' next='1' nrec='120' rsym='DNASNVDA'
[2026-07-20 22:35:05]   [NVDA] page=1 candles=120 more='0' next='1' nrec='120' rsym='DNASNVDA'
[2026-07-20 22:35:06] [NVDA] page=2 attempt=1 요청 예외: 500 Server Error: Internal Server Error for url: https://openapi.koreainvestment.com:9443/uapi/overseas-price/v1/quotations/inquire-time-itemchartprice?AUTH=&EXCD=NAS&SYMB=NVDA&NMIN=30&PINC=1&NEXT=1&NREC=120&FILL=&KEYB=20260709203000
[2026-07-20 22:35:06] [NVDA] page=2 attempt=1 실패: 요청 예외
[2026-07-20 22:35:08]   [NVDA] page=2 candles=120 more='0' next='1' nrec='120' rsym='DNASNVDA'
[2026-07-20 22:35:08]   [NVDA] page=3 candles=120 more='0' next='1' nrec='120' rsym='DNASNVDA'
[2026-07-20 22:35:09]   [NVDA] page=4 candles=120 more='0' next='1' nrec='120' rsym='DNASNVDA'
[2026-07-20 22:35:09] [NVDA] page=5 attempt=1 요청 예외: 500 Server Error: Internal Server Error for url: https://openapi.koreainvestment.com:9443/uapi/overseas-price/v1/quotations/inquire-time-itemchartprice?AUTH=&EXCD=NAS&SYMB=NVDA&NMIN=30&PINC=1&NEXT=1&NREC=120&FILL=&KEYB=20260625203000
[2026-07-20 22:35:09] [NVDA] page=5 attempt=1 실패: 요청 예외
[2026-07-20 22:35:11]   [NVDA] page=5 candles=120 more='0' next='1' nrec='120' rsym='DNASNVDA'
[2026-07-20 22:35:12]   [NVDA] page=6 candles=32 more='0' next='0' nrec='32' rsym='DNASNVDA'
[2026-07-20 22:35:13]   [NXPI] page=0 candles=120 more='0' next='1' nrec='120' rsym='DNASNXPI'
[2026-07-20 22:35:13] [NXPI] page=1 attempt=1 요청 예외: 500 Server Error: Internal Server Error for url: https://openapi.koreainvestment.com:9443/uapi/overseas-price/v1/quotations/inquire-time-itemchartprice?AUTH=&EXCD=NAS&SYMB=NXPI&NMIN=30&PINC=1&NEXT=1&NREC=120&FILL=&KEYB=20260714213000
[2026-07-20 22:35:13] [NXPI] page=1 attempt=1 실패: 요청 예외
[2026-07-20 22:35:15]   [NXPI] page=1 candles=120 more='0' next='1' nrec='120' rsym='DNASNXPI'
[2026-07-20 22:35:16]   [NXPI] page=2 candles=120 more='0' next='1' nrec='120' rsym='DNASNXPI'
[2026-07-20 22:35:16]   [NXPI] page=3 candles=120 more='0' next='1' nrec='120' rsym='DNASNXPI'
[2026-07-20 22:35:16] [NXPI] page=4 attempt=1 요청 예외: 500 Server Error: Internal Server Error for url: https://openapi.koreainvestment.com:9443/uapi/overseas-price/v1/quotations/inquire-time-itemchartprice?AUTH=&EXCD=NAS&SYMB=NXPI&NMIN=30&PINC=1&NEXT=1&NREC=120&FILL=&KEYB=20260630070000
[2026-07-20 22:35:16] [NXPI] page=4 attempt=1 실패: 요청 예외
[2026-07-20 22:35:19]   [NXPI] page=4 candles=120 more='0' next='1' nrec='120' rsym='DNASNXPI'
[2026-07-20 22:35:19] [NXPI] page=5 attempt=1 요청 예외: 500 Server Error: Internal Server Error for url: https://openapi.koreainvestment.com:9443/uapi/overseas-price/v1/quotations/inquire-time-itemchartprice?AUTH=&EXCD=NAS&SYMB=NXPI&NMIN=30&PINC=1&NEXT=1&NREC=120&FILL=&KEYB=20260624203000
[2026-07-20 22:35:19] [NXPI] page=5 attempt=1 실패: 요청 예외
[2026-07-20 22:35:21]   [NXPI] page=5 candles=93 more='0' next='0' nrec='93' rsym='DNASNXPI'
[2026-07-20 22:35:22]   [ODFL] page=0 candles=120 more='0' next='1' nrec='120' rsym='DNASODFL'
[2026-07-20 22:35:23]   [ODFL] page=1 candles=120 more='0' next='1' nrec='120' rsym='DNASODFL'
[2026-07-20 22:35:23]   [ODFL] page=2 candles=120 more='0' next='1' nrec='120' rsym='DNASODFL'
[2026-07-20 22:35:23] [ODFL] page=3 attempt=1 요청 예외: 500 Server Error: Internal Server Error for url: https://openapi.koreainvestment.com:9443/uapi/overseas-price/v1/quotations/inquire-time-itemchartprice?AUTH=&EXCD=NAS&SYMB=ODFL&NMIN=30&PINC=1&NEXT=1&NREC=120&FILL=&KEYB=20260627043000
[2026-07-20 22:35:23] [ODFL] page=3 attempt=1 실패: 요청 예외
[2026-07-20 22:35:25]   [ODFL] page=3 candles=118 more='0' next='0' nrec='118' rsym='DNASODFL'
[2026-07-20 22:35:27]   [ORLY] page=0 candles=120 more='0' next='1' nrec='120' rsym='DNASORLY'
[2026-07-20 22:35:27]   [ORLY] page=1 candles=120 more='0' next='1' nrec='120' rsym='DNASORLY'
[2026-07-20 22:35:27] [ORLY] page=2 attempt=1 요청 예외: 500 Server Error: Internal Server Error for url: https://openapi.koreainvestment.com:9443/uapi/overseas-price/v1/quotations/inquire-time-itemchartprice?AUTH=&EXCD=NAS&SYMB=ORLY&NMIN=30&PINC=1&NEXT=1&NREC=120&FILL=&KEYB=20260708023000
[2026-07-20 22:35:27] [ORLY] page=2 attempt=1 실패: 요청 예외
[2026-07-20 22:35:29]   [ORLY] page=2 candles=120 more='0' next='1' nrec='120' rsym='DNASORLY'
[2026-07-20 22:35:30] [ORLY] page=3 attempt=1 요청 예외: 500 Server Error: Internal Server Error for url: https://openapi.koreainvestment.com:9443/uapi/overseas-price/v1/quotations/inquire-time-itemchartprice?AUTH=&EXCD=NAS&SYMB=ORLY&NMIN=30&PINC=1&NEXT=1&NREC=120&FILL=&KEYB=20260701003000
[2026-07-20 22:35:30] [ORLY] page=3 attempt=1 실패: 요청 예외
[2026-07-20 22:35:32]   [ORLY] page=3 candles=120 more='0' next='1' nrec='120' rsym='DNASORLY'
[2026-07-20 22:35:32]   [ORLY] page=4 candles=77 more='0' next='0' nrec='77' rsym='DNASORLY'
[2026-07-20 22:35:34]   [PANW] page=0 candles=120 more='0' next='1' nrec='120' rsym='DNASPANW'
[2026-07-20 22:35:34]   [PANW] page=1 candles=120 more='0' next='1' nrec='120' rsym='DNASPANW'
[2026-07-20 22:35:34] [PANW] page=2 attempt=1 요청 예외: 500 Server Error: Internal Server Error for url: https://openapi.koreainvestment.com:9443/uapi/overseas-price/v1/quotations/inquire-time-itemchartprice?AUTH=&EXCD=NAS&SYMB=PANW&NMIN=30&PINC=1&NEXT=1&NREC=120&FILL=&KEYB=20260709203000
[2026-07-20 22:35:34] [PANW] page=2 attempt=1 실패: 요청 예외
[2026-07-20 22:35:37]   [PANW] page=2 candles=120 more='0' next='1' nrec='120' rsym='DNASPANW'
[2026-07-20 22:35:37] [PANW] page=3 attempt=1 요청 예외: 500 Server Error: Internal Server Error for url: https://openapi.koreainvestment.com:9443/uapi/overseas-price/v1/quotations/inquire-time-itemchartprice?AUTH=&EXCD=NAS&SYMB=PANW&NMIN=30&PINC=1&NEXT=1&NREC=120&FILL=&KEYB=20260706203000
[2026-07-20 22:35:37] [PANW] page=3 attempt=1 실패: 요청 예외
[2026-07-20 22:35:39]   [PANW] page=3 candles=120 more='0' next='1' nrec='120' rsym='DNASPANW'
[2026-07-20 22:35:39]   [PANW] page=4 candles=120 more='0' next='1' nrec='120' rsym='DNASPANW'
[2026-07-20 22:35:40] [PANW] page=5 attempt=1 요청 예외: 500 Server Error: Internal Server Error for url: https://openapi.koreainvestment.com:9443/uapi/overseas-price/v1/quotations/inquire-time-itemchartprice?AUTH=&EXCD=NAS&SYMB=PANW&NMIN=30&PINC=1&NEXT=1&NREC=120&FILL=&KEYB=20260625203000
[2026-07-20 22:35:40] [PANW] page=5 attempt=1 실패: 요청 예외
[2026-07-20 22:35:42]   [PANW] page=5 candles=120 more='0' next='1' nrec='120' rsym='DNASPANW'
[2026-07-20 22:35:42]   [PANW] page=6 candles=32 more='0' next='0' nrec='32' rsym='DNASPANW'
[2026-07-20 22:35:43]   [PAYX] page=0 candles=120 more='0' next='1' nrec='120' rsym='DNASPAYX'
[2026-07-20 22:35:44]   [PAYX] page=1 candles=120 more='0' next='1' nrec='120' rsym='DNASPAYX'
[2026-07-20 22:35:44] [PAYX] page=2 attempt=1 요청 예외: 500 Server Error: Internal Server Error for url: https://openapi.koreainvestment.com:9443/uapi/overseas-price/v1/quotations/inquire-time-itemchartprice?AUTH=&EXCD=NAS&SYMB=PAYX&NMIN=30&PINC=1&NEXT=1&NREC=120&FILL=&KEYB=20260707230000
[2026-07-20 22:35:44] [PAYX] page=2 attempt=1 실패: 요청 예외
[2026-07-20 22:35:46]   [PAYX] page=2 candles=120 more='0' next='1' nrec='120' rsym='DNASPAYX'
[2026-07-20 22:35:47] [PAYX] page=3 attempt=1 요청 예외: 500 Server Error: Internal Server Error for url: https://openapi.koreainvestment.com:9443/uapi/overseas-price/v1/quotations/inquire-time-itemchartprice?AUTH=&EXCD=NAS&SYMB=PAYX&NMIN=30&PINC=1&NEXT=1&NREC=120&FILL=&KEYB=20260630233000
[2026-07-20 22:35:47] [PAYX] page=3 attempt=1 실패: 요청 예외
[2026-07-20 22:35:49]   [PAYX] page=3 candles=120 more='0' next='1' nrec='120' rsym='DNASPAYX'
[2026-07-20 22:35:49]   [PAYX] page=4 candles=90 more='0' next='0' nrec='90' rsym='DNASPAYX'
[2026-07-20 22:35:50]   [PCAR] page=0 candles=120 more='0' next='1' nrec='120' rsym='DNASPCAR'
[2026-07-20 22:35:51] [PCAR] page=1 attempt=1 요청 예외: 500 Server Error: Internal Server Error for url: https://openapi.koreainvestment.com:9443/uapi/overseas-price/v1/quotations/inquire-time-itemchartprice?AUTH=&EXCD=NAS&SYMB=PCAR&NMIN=30&PINC=1&NEXT=1&NREC=120&FILL=&KEYB=20260711063000
[2026-07-20 22:35:51] [PCAR] page=1 attempt=1 실패: 요청 예외
[2026-07-20 22:35:53]   [PCAR] page=1 candles=120 more='0' next='1' nrec='120' rsym='DNASPCAR'
[2026-07-20 22:35:53] [PCAR] page=2 attempt=1 요청 예외: 500 Server Error: Internal Server Error for url: https://openapi.koreainvestment.com:9443/uapi/overseas-price/v1/quotations/inquire-time-itemchartprice?AUTH=&EXCD=NAS&SYMB=PCAR&NMIN=30&PINC=1&NEXT=1&NREC=120&FILL=&KEYB=20260706233000
[2026-07-20 22:35:53] [PCAR] page=2 attempt=1 실패: 요청 예외
[2026-07-20 22:35:56]   [PCAR] page=2 candles=120 more='0' next='1' nrec='120' rsym='DNASPCAR'
[2026-07-20 22:35:56]   [PCAR] page=3 candles=118 more='0' next='0' nrec='118' rsym='DNASPCAR'
[2026-07-20 22:35:57]   [PDD] page=0 candles=120 more='0' next='1' nrec='120' rsym='DNASPDD'
[2026-07-20 22:35:57]   [PDD] page=1 candles=120 more='0' next='1' nrec='120' rsym='DNASPDD'
[2026-07-20 22:35:58]   [PDD] page=2 candles=120 more='0' next='1' nrec='120' rsym='DNASPDD'
[2026-07-20 22:35:58]   [PDD] page=3 candles=120 more='0' next='1' nrec='120' rsym='DNASPDD'
[2026-07-20 22:35:58] [PDD] page=4 attempt=1 요청 예외: 500 Server Error: Internal Server Error for url: https://openapi.koreainvestment.com:9443/uapi/overseas-price/v1/quotations/inquire-time-itemchartprice?AUTH=&EXCD=NAS&SYMB=PDD&NMIN=30&PINC=1&NEXT=1&NREC=120&FILL=&KEYB=20260630203000
[2026-07-20 22:35:58] [PDD] page=4 attempt=1 실패: 요청 예외
[2026-07-20 22:36:01]   [PDD] page=4 candles=120 more='0' next='1' nrec='120' rsym='DNASPDD'
[2026-07-20 22:36:01]   [PDD] page=5 candles=120 more='0' next='1' nrec='120' rsym='DNASPDD'
[2026-07-20 22:36:01] [PDD] page=6 attempt=1 요청 예외: 500 Server Error: Internal Server Error for url: https://openapi.koreainvestment.com:9443/uapi/overseas-price/v1/quotations/inquire-time-itemchartprice?AUTH=&EXCD=NAS&SYMB=PDD&NMIN=30&PINC=1&NEXT=1&NREC=120&FILL=&KEYB=20260622203000
[2026-07-20 22:36:01] [PDD] page=6 attempt=1 실패: 요청 예외
[2026-07-20 22:36:03]   [PDD] page=6 candles=32 more='0' next='0' nrec='32' rsym='DNASPDD'
[2026-07-20 22:36:05]   [PEP] page=0 candles=120 more='0' next='1' nrec='120' rsym='DNASPEP'
[2026-07-20 22:36:05] [PEP] page=1 attempt=1 요청 예외: 500 Server Error: Internal Server Error for url: https://openapi.koreainvestment.com:9443/uapi/overseas-price/v1/quotations/inquire-time-itemchartprice?AUTH=&EXCD=NAS&SYMB=PEP&NMIN=30&PINC=1&NEXT=1&NREC=120&FILL=&KEYB=20260715023000
[2026-07-20 22:36:05] [PEP] page=1 attempt=1 실패: 요청 예외
[2026-07-20 22:36:07]   [PEP] page=1 candles=120 more='0' next='1' nrec='120' rsym='DNASPEP'
[2026-07-20 22:36:07]   [PEP] page=2 candles=120 more='0' next='1' nrec='120' rsym='DNASPEP'
[2026-07-20 22:36:08]   [PEP] page=3 candles=120 more='0' next='1' nrec='120' rsym='DNASPEP'
[2026-07-20 22:36:08] [PEP] page=4 attempt=1 요청 예외: 500 Server Error: Internal Server Error for url: https://openapi.koreainvestment.com:9443/uapi/overseas-price/v1/quotations/inquire-time-itemchartprice?AUTH=&EXCD=NAS&SYMB=PEP&NMIN=30&PINC=1&NEXT=1&NREC=120&FILL=&KEYB=20260630203000
[2026-07-20 22:36:08] [PEP] page=4 attempt=1 실패: 요청 예외
[2026-07-20 22:36:10]   [PEP] page=4 candles=120 more='0' next='1' nrec='120' rsym='DNASPEP'
[2026-07-20 22:36:11]   [PEP] page=5 candles=120 more='0' next='1' nrec='120' rsym='DNASPEP'
[2026-07-20 22:36:11] [PEP] page=6 attempt=1 요청 예외: 500 Server Error: Internal Server Error for url: https://openapi.koreainvestment.com:9443/uapi/overseas-price/v1/quotations/inquire-time-itemchartprice?AUTH=&EXCD=NAS&SYMB=PEP&NMIN=30&PINC=1&NEXT=1&NREC=120&FILL=&KEYB=20260622203000
[2026-07-20 22:36:11] [PEP] page=6 attempt=1 실패: 요청 예외
[2026-07-20 22:36:13]   [PEP] page=6 candles=32 more='0' next='0' nrec='32' rsym='DNASPEP'
[2026-07-20 22:36:14]   [PLTR] page=0 candles=120 more='0' next='1' nrec='120' rsym='DNASPLTR'
[2026-07-20 22:36:15]   [PLTR] page=1 candles=120 more='0' next='1' nrec='120' rsym='DNASPLTR'
[2026-07-20 22:36:15] [PLTR] page=2 attempt=1 요청 예외: 500 Server Error: Internal Server Error for url: https://openapi.koreainvestment.com:9443/uapi/overseas-price/v1/quotations/inquire-time-itemchartprice?AUTH=&EXCD=NAS&SYMB=PLTR&NMIN=30&PINC=1&NEXT=1&NREC=120&FILL=&KEYB=20260709203000
[2026-07-20 22:36:15] [PLTR] page=2 attempt=1 실패: 요청 예외
[2026-07-20 22:36:17]   [PLTR] page=2 candles=120 more='0' next='1' nrec='120' rsym='DNASPLTR'
[2026-07-20 22:36:18]   [PLTR] page=3 candles=120 more='0' next='1' nrec='120' rsym='DNASPLTR'
[2026-07-20 22:36:18] [PLTR] page=4 attempt=1 요청 예외: 500 Server Error: Internal Server Error for url: https://openapi.koreainvestment.com:9443/uapi/overseas-price/v1/quotations/inquire-time-itemchartprice?AUTH=&EXCD=NAS&SYMB=PLTR&NMIN=30&PINC=1&NEXT=1&NREC=120&FILL=&KEYB=20260630203000
[2026-07-20 22:36:18] [PLTR] page=4 attempt=1 실패: 요청 예외
[2026-07-20 22:36:20]   [PLTR] page=4 candles=120 more='0' next='1' nrec='120' rsym='DNASPLTR'
[2026-07-20 22:36:21]   [PLTR] page=5 candles=120 more='0' next='1' nrec='120' rsym='DNASPLTR'
[2026-07-20 22:36:21] [PLTR] page=6 attempt=1 요청 예외: 500 Server Error: Internal Server Error for url: https://openapi.koreainvestment.com:9443/uapi/overseas-price/v1/quotations/inquire-time-itemchartprice?AUTH=&EXCD=NAS&SYMB=PLTR&NMIN=30&PINC=1&NEXT=1&NREC=120&FILL=&KEYB=20260622203000
[2026-07-20 22:36:21] [PLTR] page=6 attempt=1 실패: 요청 예외
[2026-07-20 22:36:23]   [PLTR] page=6 candles=32 more='0' next='0' nrec='32' rsym='DNASPLTR'
[2026-07-20 22:36:24]   [PYPL] page=0 candles=120 more='0' next='1' nrec='120' rsym='DNASPYPL'
[2026-07-20 22:36:25]   [PYPL] page=1 candles=120 more='0' next='1' nrec='120' rsym='DNASPYPL'
[2026-07-20 22:36:25] [PYPL] page=2 attempt=1 요청 예외: 500 Server Error: Internal Server Error for url: https://openapi.koreainvestment.com:9443/uapi/overseas-price/v1/quotations/inquire-time-itemchartprice?AUTH=&EXCD=NAS&SYMB=PYPL&NMIN=30&PINC=1&NEXT=1&NREC=120&FILL=&KEYB=20260709203000
[2026-07-20 22:36:25] [PYPL] page=2 attempt=1 실패: 요청 예외
[2026-07-20 22:36:27]   [PYPL] page=2 candles=120 more='0' next='1' nrec='120' rsym='DNASPYPL'
[2026-07-20 22:36:28]   [PYPL] page=3 candles=120 more='0' next='1' nrec='120' rsym='DNASPYPL'
[2026-07-20 22:36:28] [PYPL] page=4 attempt=1 요청 예외: 500 Server Error: Internal Server Error for url: https://openapi.koreainvestment.com:9443/uapi/overseas-price/v1/quotations/inquire-time-itemchartprice?AUTH=&EXCD=NAS&SYMB=PYPL&NMIN=30&PINC=1&NEXT=1&NREC=120&FILL=&KEYB=20260630203000
[2026-07-20 22:36:28] [PYPL] page=4 attempt=1 실패: 요청 예외
[2026-07-20 22:36:30]   [PYPL] page=4 candles=120 more='0' next='1' nrec='120' rsym='DNASPYPL'
[2026-07-20 22:36:30]   [PYPL] page=5 candles=120 more='0' next='1' nrec='120' rsym='DNASPYPL'
[2026-07-20 22:36:31] [PYPL] page=6 attempt=1 요청 예외: 500 Server Error: Internal Server Error for url: https://openapi.koreainvestment.com:9443/uapi/overseas-price/v1/quotations/inquire-time-itemchartprice?AUTH=&EXCD=NAS&SYMB=PYPL&NMIN=30&PINC=1&NEXT=1&NREC=120&FILL=&KEYB=20260622203000
[2026-07-20 22:36:31] [PYPL] page=6 attempt=1 실패: 요청 예외
[2026-07-20 22:36:33]   [PYPL] page=6 candles=32 more='0' next='0' nrec='32' rsym='DNASPYPL'
[2026-07-20 22:36:34]   [QCOM] page=0 candles=120 more='0' next='1' nrec='120' rsym='DNASQCOM'
[2026-07-20 22:36:34]   [QCOM] page=1 candles=120 more='0' next='1' nrec='120' rsym='DNASQCOM'
[2026-07-20 22:36:35] [QCOM] page=2 attempt=1 요청 예외: 500 Server Error: Internal Server Error for url: https://openapi.koreainvestment.com:9443/uapi/overseas-price/v1/quotations/inquire-time-itemchartprice?AUTH=&EXCD=NAS&SYMB=QCOM&NMIN=30&PINC=1&NEXT=1&NREC=120&FILL=&KEYB=20260709203000
[2026-07-20 22:36:35] [QCOM] page=2 attempt=1 실패: 요청 예외
[2026-07-20 22:36:37]   [QCOM] page=2 candles=120 more='0' next='1' nrec='120' rsym='DNASQCOM'
[2026-07-20 22:36:37]   [QCOM] page=3 candles=120 more='0' next='1' nrec='120' rsym='DNASQCOM'
[2026-07-20 22:36:38]   [QCOM] page=4 candles=120 more='0' next='1' nrec='120' rsym='DNASQCOM'
[2026-07-20 22:36:38] [QCOM] page=5 attempt=1 요청 예외: 500 Server Error: Internal Server Error for url: https://openapi.koreainvestment.com:9443/uapi/overseas-price/v1/quotations/inquire-time-itemchartprice?AUTH=&EXCD=NAS&SYMB=QCOM&NMIN=30&PINC=1&NEXT=1&NREC=120&FILL=&KEYB=20260625203000
[2026-07-20 22:36:38] [QCOM] page=5 attempt=1 실패: 요청 예외
[2026-07-20 22:36:40]   [QCOM] page=5 candles=120 more='0' next='1' nrec='120' rsym='DNASQCOM'
[2026-07-20 22:36:41]   [QCOM] page=6 candles=32 more='0' next='0' nrec='32' rsym='DNASQCOM'
[2026-07-20 22:36:42]   [REGN] page=0 candles=120 more='0' next='1' nrec='120' rsym='DNASREGN'
[2026-07-20 22:36:42]   [REGN] page=1 candles=120 more='0' next='1' nrec='120' rsym='DNASREGN'
[2026-07-20 22:36:42]   [REGN] page=2 candles=120 more='0' next='1' nrec='120' rsym='DNASREGN'
[2026-07-20 22:36:43] [REGN] page=3 attempt=1 요청 예외: 500 Server Error: Internal Server Error for url: https://openapi.koreainvestment.com:9443/uapi/overseas-price/v1/quotations/inquire-time-itemchartprice?AUTH=&EXCD=NAS&SYMB=REGN&NMIN=30&PINC=1&NEXT=1&NREC=120&FILL=&KEYB=20260701020000
[2026-07-20 22:36:43] [REGN] page=3 attempt=1 실패: 요청 예외
[2026-07-20 22:36:45]   [REGN] page=3 candles=120 more='0' next='1' nrec='120' rsym='DNASREGN'
[2026-07-20 22:36:45] [REGN] page=4 attempt=1 요청 예외: 500 Server Error: Internal Server Error for url: https://openapi.koreainvestment.com:9443/uapi/overseas-price/v1/quotations/inquire-time-itemchartprice?AUTH=&EXCD=NAS&SYMB=REGN&NMIN=30&PINC=1&NEXT=1&NREC=120&FILL=&KEYB=20260625000000
[2026-07-20 22:36:45] [REGN] page=4 attempt=1 실패: 요청 예외
[2026-07-20 22:36:48]   [REGN] page=4 candles=83 more='0' next='0' nrec='83' rsym='DNASREGN'
[2026-07-20 22:36:49]   [ROP] page=0 candles=120 more='0' next='1' nrec='120' rsym='DNASROP'
[2026-07-20 22:36:49]   [ROP] page=1 candles=120 more='0' next='1' nrec='120' rsym='DNASROP'
[2026-07-20 22:36:49] [ROP] page=2 attempt=1 요청 예외: 500 Server Error: Internal Server Error for url: https://openapi.koreainvestment.com:9443/uapi/overseas-price/v1/quotations/inquire-time-itemchartprice?AUTH=&EXCD=NAS&SYMB=ROP&NMIN=30&PINC=1&NEXT=1&NREC=120&FILL=&KEYB=20260706193000
[2026-07-20 22:36:49] [ROP] page=2 attempt=1 실패: 요청 예외
[2026-07-20 22:36:52]   [ROP] page=2 candles=120 more='0' next='1' nrec='120' rsym='DNASROP'
[2026-07-20 22:36:52]   [ROP] page=3 candles=120 more='0' next='1' nrec='120' rsym='DNASROP'
[2026-07-20 22:36:52] [ROP] page=4 attempt=1 요청 예외: 500 Server Error: Internal Server Error for url: https://openapi.koreainvestment.com:9443/uapi/overseas-price/v1/quotations/inquire-time-itemchartprice?AUTH=&EXCD=NAS&SYMB=ROP&NMIN=30&PINC=1&NEXT=1&NREC=120&FILL=&KEYB=20260622210000
[2026-07-20 22:36:52] [ROP] page=4 attempt=1 실패: 요청 예외
[2026-07-20 22:36:54]   [ROP] page=4 candles=21 more='0' next='0' nrec='21' rsym='DNASROP'
[2026-07-20 22:36:55]   [ROST] page=0 candles=120 more='0' next='1' nrec='120' rsym='DNASROST'
[2026-07-20 22:36:56] [ROST] page=1 attempt=1 요청 예외: 500 Server Error: Internal Server Error for url: https://openapi.koreainvestment.com:9443/uapi/overseas-price/v1/quotations/inquire-time-itemchartprice?AUTH=&EXCD=NAS&SYMB=ROST&NMIN=30&PINC=1&NEXT=1&NREC=120&FILL=&KEYB=20260713223000
[2026-07-20 22:36:56] [ROST] page=1 attempt=1 실패: 요청 예외
[2026-07-20 22:36:58]   [ROST] page=1 candles=120 more='0' next='1' nrec='120' rsym='DNASROST'
[2026-07-20 22:36:58]   [ROST] page=2 candles=120 more='0' next='1' nrec='120' rsym='DNASROST'
[2026-07-20 22:36:59] [ROST] page=3 attempt=1 요청 예외: 500 Server Error: Internal Server Error for url: https://openapi.koreainvestment.com:9443/uapi/overseas-price/v1/quotations/inquire-time-itemchartprice?AUTH=&EXCD=NAS&SYMB=ROST&NMIN=30&PINC=1&NEXT=1&NREC=120&FILL=&KEYB=20260630000000
[2026-07-20 22:36:59] [ROST] page=3 attempt=1 실패: 요청 예외
[2026-07-20 22:37:01]   [ROST] page=3 candles=120 more='0' next='1' nrec='120' rsym='DNASROST'
[2026-07-20 22:37:01]   [ROST] page=4 candles=55 more='0' next='0' nrec='55' rsym='DNASROST'
[2026-07-20 22:37:02]   [SBUX] page=0 candles=120 more='0' next='1' nrec='120' rsym='DNASSBUX'
[2026-07-20 22:37:03]   [SBUX] page=1 candles=120 more='0' next='1' nrec='120' rsym='DNASSBUX'
[2026-07-20 22:37:03] [SBUX] page=2 attempt=1 요청 예외: 500 Server Error: Internal Server Error for url: https://openapi.koreainvestment.com:9443/uapi/overseas-price/v1/quotations/inquire-time-itemchartprice?AUTH=&EXCD=NAS&SYMB=SBUX&NMIN=30&PINC=1&NEXT=1&NREC=120&FILL=&KEYB=20260709200000
[2026-07-20 22:37:03] [SBUX] page=2 attempt=1 실패: 요청 예외
[2026-07-20 22:37:05]   [SBUX] page=2 candles=120 more='0' next='1' nrec='120' rsym='DNASSBUX'
[2026-07-20 22:37:06] [SBUX] page=3 attempt=1 요청 예외: 500 Server Error: Internal Server Error for url: https://openapi.koreainvestment.com:9443/uapi/overseas-price/v1/quotations/inquire-time-itemchartprice?AUTH=&EXCD=NAS&SYMB=SBUX&NMIN=30&PINC=1&NEXT=1&NREC=120&FILL=&KEYB=20260706190000
[2026-07-20 22:37:06] [SBUX] page=3 attempt=1 실패: 요청 예외
[2026-07-20 22:37:08]   [SBUX] page=3 candles=120 more='0' next='1' nrec='120' rsym='DNASSBUX'
[2026-07-20 22:37:08]   [SBUX] page=4 candles=120 more='0' next='1' nrec='120' rsym='DNASSBUX'
[2026-07-20 22:37:09] [SBUX] page=5 attempt=1 요청 예외: 500 Server Error: Internal Server Error for url: https://openapi.koreainvestment.com:9443/uapi/overseas-price/v1/quotations/inquire-time-itemchartprice?AUTH=&EXCD=NAS&SYMB=SBUX&NMIN=30&PINC=1&NEXT=1&NREC=120&FILL=&KEYB=20260625180000
[2026-07-20 22:37:09] [SBUX] page=5 attempt=1 실패: 요청 예외
[2026-07-20 22:37:11]   [SBUX] page=5 candles=120 more='0' next='1' nrec='120' rsym='DNASSBUX'
[2026-07-20 22:37:11] [SBUX] page=6 attempt=1 요청 예외: 500 Server Error: Internal Server Error for url: https://openapi.koreainvestment.com:9443/uapi/overseas-price/v1/quotations/inquire-time-itemchartprice?AUTH=&EXCD=NAS&SYMB=SBUX&NMIN=30&PINC=1&NEXT=1&NREC=120&FILL=&KEYB=20260622183000
[2026-07-20 22:37:11] [SBUX] page=6 attempt=1 실패: 요청 예외
[2026-07-20 22:37:13]   [SBUX] page=6 candles=30 more='0' next='0' nrec='30' rsym='DNASSBUX'
[2026-07-20 22:37:15]   [SHOP] page=0 candles=120 more='0' next='1' nrec='120' rsym='DNASSHOP'
[2026-07-20 22:37:15] [SHOP] page=1 attempt=1 요청 예외: 500 Server Error: Internal Server Error for url: https://openapi.koreainvestment.com:9443/uapi/overseas-price/v1/quotations/inquire-time-itemchartprice?AUTH=&EXCD=NAS&SYMB=SHOP&NMIN=30&PINC=1&NEXT=1&NREC=120&FILL=&KEYB=20260715020000
[2026-07-20 22:37:15] [SHOP] page=1 attempt=1 실패: 요청 예외
[2026-07-20 22:37:17]   [SHOP] page=1 candles=120 more='0' next='1' nrec='120' rsym='DNASSHOP'
[2026-07-20 22:37:17]   [SHOP] page=2 candles=120 more='0' next='1' nrec='120' rsym='DNASSHOP'
[2026-07-20 22:37:18]   [SHOP] page=3 candles=120 more='0' next='1' nrec='120' rsym='DNASSHOP'
[2026-07-20 22:37:18] [SHOP] page=4 attempt=1 요청 예외: 500 Server Error: Internal Server Error for url: https://openapi.koreainvestment.com:9443/uapi/overseas-price/v1/quotations/inquire-time-itemchartprice?AUTH=&EXCD=NAS&SYMB=SHOP&NMIN=30&PINC=1&NEXT=1&NREC=120&FILL=&KEYB=20260630203000
[2026-07-20 22:37:18] [SHOP] page=4 attempt=1 실패: 요청 예외
[2026-07-20 22:37:20]   [SHOP] page=4 candles=120 more='0' next='1' nrec='120' rsym='DNASSHOP'
[2026-07-20 22:37:21]   [SHOP] page=5 candles=120 more='0' next='1' nrec='120' rsym='DNASSHOP'
[2026-07-20 22:37:21] [SHOP] page=6 attempt=1 요청 예외: 500 Server Error: Internal Server Error for url: https://openapi.koreainvestment.com:9443/uapi/overseas-price/v1/quotations/inquire-time-itemchartprice?AUTH=&EXCD=NAS&SYMB=SHOP&NMIN=30&PINC=1&NEXT=1&NREC=120&FILL=&KEYB=20260622203000
[2026-07-20 22:37:21] [SHOP] page=6 attempt=1 실패: 요청 예외
[2026-07-20 22:37:23]   [SHOP] page=6 candles=32 more='0' next='0' nrec='32' rsym='DNASSHOP'
[2026-07-20 22:37:24]   [SNPS] page=0 candles=120 more='0' next='1' nrec='120' rsym='DNASSNPS'
[2026-07-20 22:37:25] [SNPS] page=1 attempt=1 요청 예외: 500 Server Error: Internal Server Error for url: https://openapi.koreainvestment.com:9443/uapi/overseas-price/v1/quotations/inquire-time-itemchartprice?AUTH=&EXCD=NAS&SYMB=SNPS&NMIN=30&PINC=1&NEXT=1&NREC=120&FILL=&KEYB=20260715000000
[2026-07-20 22:37:25] [SNPS] page=1 attempt=1 실패: 요청 예외
[2026-07-20 22:37:27]   [SNPS] page=1 candles=120 more='0' next='1' nrec='120' rsym='DNASSNPS'
[2026-07-20 22:37:27] [SNPS] page=2 attempt=1 요청 예외: 500 Server Error: Internal Server Error for url: https://openapi.koreainvestment.com:9443/uapi/overseas-price/v1/quotations/inquire-time-itemchartprice?AUTH=&EXCD=NAS&SYMB=SNPS&NMIN=30&PINC=1&NEXT=1&NREC=120&FILL=&KEYB=20260709180000
[2026-07-20 22:37:27] [SNPS] page=2 attempt=1 실패: 요청 예외
[2026-07-20 22:37:30]   [SNPS] page=2 candles=120 more='0' next='1' nrec='120' rsym='DNASSNPS'
[2026-07-20 22:37:30] [SNPS] page=3 attempt=1 요청 예외: 500 Server Error: Internal Server Error for url: https://openapi.koreainvestment.com:9443/uapi/overseas-price/v1/quotations/inquire-time-itemchartprice?AUTH=&EXCD=NAS&SYMB=SNPS&NMIN=30&PINC=1&NEXT=1&NREC=120&FILL=&KEYB=20260706183000
[2026-07-20 22:37:30] [SNPS] page=3 attempt=1 실패: 요청 예외
[2026-07-20 22:37:32]   [SNPS] page=3 candles=120 more='0' next='1' nrec='120' rsym='DNASSNPS'
[2026-07-20 22:37:32]   [SNPS] page=4 candles=120 more='0' next='1' nrec='120' rsym='DNASSNPS'
[2026-07-20 22:37:33] [SNPS] page=5 attempt=1 요청 예외: 500 Server Error: Internal Server Error for url: https://openapi.koreainvestment.com:9443/uapi/overseas-price/v1/quotations/inquire-time-itemchartprice?AUTH=&EXCD=NAS&SYMB=SNPS&NMIN=30&PINC=1&NEXT=1&NREC=120&FILL=&KEYB=20260625190000
[2026-07-20 22:37:33] [SNPS] page=5 attempt=1 실패: 요청 예외
[2026-07-20 22:37:35]   [SNPS] page=5 candles=120 more='0' next='1' nrec='120' rsym='DNASSNPS'
[2026-07-20 22:37:35]   [SNPS] page=6 candles=32 more='0' next='0' nrec='32' rsym='DNASSNPS'
[2026-07-20 22:37:36]   [STX] page=0 candles=120 more='0' next='1' nrec='120' rsym='DNASSTX'
[2026-07-20 22:37:37] [STX] page=1 attempt=1 요청 예외: 500 Server Error: Internal Server Error for url: https://openapi.koreainvestment.com:9443/uapi/overseas-price/v1/quotations/inquire-time-itemchartprice?AUTH=&EXCD=NAS&SYMB=STX&NMIN=30&PINC=1&NEXT=1&NREC=120&FILL=&KEYB=20260715023000
[2026-07-20 22:37:37] [STX] page=1 attempt=1 실패: 요청 예외
[2026-07-20 22:37:39]   [STX] page=1 candles=120 more='0' next='1' nrec='120' rsym='DNASSTX'
[2026-07-20 22:37:39]   [STX] page=2 candles=120 more='0' next='1' nrec='120' rsym='DNASSTX'
[2026-07-20 22:37:40] [STX] page=3 attempt=1 요청 예외: 500 Server Error: Internal Server Error for url: https://openapi.koreainvestment.com:9443/uapi/overseas-price/v1/quotations/inquire-time-itemchartprice?AUTH=&EXCD=NAS&SYMB=STX&NMIN=30&PINC=1&NEXT=1&NREC=120&FILL=&KEYB=20260706203000
[2026-07-20 22:37:40] [STX] page=3 attempt=1 실패: 요청 예외
[2026-07-20 22:37:42]   [STX] page=3 candles=120 more='0' next='1' nrec='120' rsym='DNASSTX'
[2026-07-20 22:37:42]   [STX] page=4 candles=120 more='0' next='1' nrec='120' rsym='DNASSTX'
[2026-07-20 22:37:43] [STX] page=5 attempt=1 요청 예외: 500 Server Error: Internal Server Error for url: https://openapi.koreainvestment.com:9443/uapi/overseas-price/v1/quotations/inquire-time-itemchartprice?AUTH=&EXCD=NAS&SYMB=STX&NMIN=30&PINC=1&NEXT=1&NREC=120&FILL=&KEYB=20260625203000
[2026-07-20 22:37:43] [STX] page=5 attempt=1 실패: 요청 예외
[2026-07-20 22:37:45]   [STX] page=5 candles=120 more='0' next='1' nrec='120' rsym='DNASSTX'
[2026-07-20 22:37:45] [STX] page=6 attempt=1 요청 예외: 500 Server Error: Internal Server Error for url: https://openapi.koreainvestment.com:9443/uapi/overseas-price/v1/quotations/inquire-time-itemchartprice?AUTH=&EXCD=NAS&SYMB=STX&NMIN=30&PINC=1&NEXT=1&NREC=120&FILL=&KEYB=20260622203000
[2026-07-20 22:37:45] [STX] page=6 attempt=1 실패: 요청 예외
[2026-07-20 22:37:48]   [STX] page=6 candles=32 more='0' next='0' nrec='32' rsym='DNASSTX'
[2026-07-20 22:37:49]   [TEAM] page=0 candles=120 more='0' next='1' nrec='120' rsym='DNASTEAM'
[2026-07-20 22:37:49] [TEAM] page=1 attempt=1 요청 예외: 500 Server Error: Internal Server Error for url: https://openapi.koreainvestment.com:9443/uapi/overseas-price/v1/quotations/inquire-time-itemchartprice?AUTH=&EXCD=NAS&SYMB=TEAM&NMIN=30&PINC=1&NEXT=1&NREC=120&FILL=&KEYB=20260715013000
[2026-07-20 22:37:49] [TEAM] page=1 attempt=1 실패: 요청 예외
[2026-07-20 22:37:51]   [TEAM] page=1 candles=120 more='0' next='1' nrec='120' rsym='DNASTEAM'
[2026-07-20 22:37:52]   [TEAM] page=2 candles=120 more='0' next='1' nrec='120' rsym='DNASTEAM'
[2026-07-20 22:37:52]   [TEAM] page=3 candles=120 more='0' next='1' nrec='120' rsym='DNASTEAM'
[2026-07-20 22:37:52] [TEAM] page=4 attempt=1 요청 예외: 500 Server Error: Internal Server Error for url: https://openapi.koreainvestment.com:9443/uapi/overseas-price/v1/quotations/inquire-time-itemchartprice?AUTH=&EXCD=NAS&SYMB=TEAM&NMIN=30&PINC=1&NEXT=1&NREC=120&FILL=&KEYB=20260630203000
[2026-07-20 22:37:52] [TEAM] page=4 attempt=1 실패: 요청 예외
[2026-07-20 22:37:54]   [TEAM] page=4 candles=120 more='0' next='1' nrec='120' rsym='DNASTEAM'
[2026-07-20 22:37:55] [TEAM] page=5 attempt=1 요청 예외: 500 Server Error: Internal Server Error for url: https://openapi.koreainvestment.com:9443/uapi/overseas-price/v1/quotations/inquire-time-itemchartprice?AUTH=&EXCD=NAS&SYMB=TEAM&NMIN=30&PINC=1&NEXT=1&NREC=120&FILL=&KEYB=20260625193000
[2026-07-20 22:37:55] [TEAM] page=5 attempt=1 실패: 요청 예외
[2026-07-20 22:37:57]   [TEAM] page=5 candles=120 more='0' next='1' nrec='120' rsym='DNASTEAM'
[2026-07-20 22:37:57]   [TEAM] page=6 candles=32 more='0' next='0' nrec='32' rsym='DNASTEAM'
[2026-07-20 22:37:58]   [TMUS] page=0 candles=120 more='0' next='1' nrec='120' rsym='DNASTMUS'
[2026-07-20 22:37:59] [TMUS] page=1 attempt=1 요청 예외: 500 Server Error: Internal Server Error for url: https://openapi.koreainvestment.com:9443/uapi/overseas-price/v1/quotations/inquire-time-itemchartprice?AUTH=&EXCD=NAS&SYMB=TMUS&NMIN=30&PINC=1&NEXT=1&NREC=120&FILL=&KEYB=20260714210000
[2026-07-20 22:37:59] [TMUS] page=1 attempt=1 실패: 요청 예외
[2026-07-20 22:38:01]   [TMUS] page=1 candles=120 more='0' next='1' nrec='120' rsym='DNASTMUS'
[2026-07-20 22:38:01]   [TMUS] page=2 candles=120 more='0' next='1' nrec='120' rsym='DNASTMUS'
[2026-07-20 22:38:02]   [TMUS] page=3 candles=120 more='0' next='1' nrec='120' rsym='DNASTMUS'
[2026-07-20 22:38:02] [TMUS] page=4 attempt=1 요청 예외: 500 Server Error: Internal Server Error for url: https://openapi.koreainvestment.com:9443/uapi/overseas-price/v1/quotations/inquire-time-itemchartprice?AUTH=&EXCD=NAS&SYMB=TMUS&NMIN=30&PINC=1&NEXT=1&NREC=120&FILL=&KEYB=20260630170000
[2026-07-20 22:38:02] [TMUS] page=4 attempt=1 실패: 요청 예외
[2026-07-20 22:38:04]   [TMUS] page=4 candles=120 more='0' next='1' nrec='120' rsym='DNASTMUS'
[2026-07-20 22:38:05] [TMUS] page=5 attempt=1 요청 예외: 500 Server Error: Internal Server Error for url: https://openapi.koreainvestment.com:9443/uapi/overseas-price/v1/quotations/inquire-time-itemchartprice?AUTH=&EXCD=NAS&SYMB=TMUS&NMIN=30&PINC=1&NEXT=1&NREC=120&FILL=&KEYB=20260625170000
[2026-07-20 22:38:05] [TMUS] page=5 attempt=1 실패: 요청 예외
[2026-07-20 22:38:07]   [TMUS] page=5 candles=117 more='0' next='0' nrec='117' rsym='DNASTMUS'
[2026-07-20 22:38:08]   [TSLA] page=0 candles=120 more='0' next='1' nrec='120' rsym='DNASTSLA'
[2026-07-20 22:38:08]   [TSLA] page=1 candles=120 more='0' next='1' nrec='120' rsym='DNASTSLA'
[2026-07-20 22:38:09] [TSLA] page=2 attempt=1 요청 예외: 500 Server Error: Internal Server Error for url: https://openapi.koreainvestment.com:9443/uapi/overseas-price/v1/quotations/inquire-time-itemchartprice?AUTH=&EXCD=NAS&SYMB=TSLA&NMIN=30&PINC=1&NEXT=1&NREC=120&FILL=&KEYB=20260709203000
[2026-07-20 22:38:09] [TSLA] page=2 attempt=1 실패: 요청 예외
[2026-07-20 22:38:11]   [TSLA] page=2 candles=120 more='0' next='1' nrec='120' rsym='DNASTSLA'
[2026-07-20 22:38:11] [TSLA] page=3 attempt=1 요청 예외: 500 Server Error: Internal Server Error for url: https://openapi.koreainvestment.com:9443/uapi/overseas-price/v1/quotations/inquire-time-itemchartprice?AUTH=&EXCD=NAS&SYMB=TSLA&NMIN=30&PINC=1&NEXT=1&NREC=120&FILL=&KEYB=20260706203000
[2026-07-20 22:38:11] [TSLA] page=3 attempt=1 실패: 요청 예외
[2026-07-20 22:38:13]   [TSLA] page=3 candles=120 more='0' next='1' nrec='120' rsym='DNASTSLA'
[2026-07-20 22:38:14] [TSLA] page=4 attempt=1 요청 예외: 500 Server Error: Internal Server Error for url: https://openapi.koreainvestment.com:9443/uapi/overseas-price/v1/quotations/inquire-time-itemchartprice?AUTH=&EXCD=NAS&SYMB=TSLA&NMIN=30&PINC=1&NEXT=1&NREC=120&FILL=&KEYB=20260630203000
[2026-07-20 22:38:14] [TSLA] page=4 attempt=1 실패: 요청 예외
[2026-07-20 22:38:16]   [TSLA] page=4 candles=120 more='0' next='1' nrec='120' rsym='DNASTSLA'
[2026-07-20 22:38:16]   [TSLA] page=5 candles=120 more='0' next='1' nrec='120' rsym='DNASTSLA'
[2026-07-20 22:38:17]   [TSLA] page=6 candles=32 more='0' next='0' nrec='32' rsym='DNASTSLA'
[2026-07-20 22:38:18]   [TTWO] page=0 candles=120 more='0' next='1' nrec='120' rsym='DNASTTWO'
[2026-07-20 22:38:18] [TTWO] page=1 attempt=1 요청 예외: 500 Server Error: Internal Server Error for url: https://openapi.koreainvestment.com:9443/uapi/overseas-price/v1/quotations/inquire-time-itemchartprice?AUTH=&EXCD=NAS&SYMB=TTWO&NMIN=30&PINC=1&NEXT=1&NREC=120&FILL=&KEYB=20260715023000
[2026-07-20 22:38:18] [TTWO] page=1 attempt=1 실패: 요청 예외
[2026-07-20 22:38:20]   [TTWO] page=1 candles=120 more='0' next='1' nrec='120' rsym='DNASTTWO'
[2026-07-20 22:38:21]   [TTWO] page=2 candles=120 more='0' next='1' nrec='120' rsym='DNASTTWO'
[2026-07-20 22:38:21] [TTWO] page=3 attempt=1 요청 예외: 500 Server Error: Internal Server Error for url: https://openapi.koreainvestment.com:9443/uapi/overseas-price/v1/quotations/inquire-time-itemchartprice?AUTH=&EXCD=NAS&SYMB=TTWO&NMIN=30&PINC=1&NEXT=1&NREC=120&FILL=&KEYB=20260706203000
[2026-07-20 22:38:21] [TTWO] page=3 attempt=1 실패: 요청 예외
[2026-07-20 22:38:23]   [TTWO] page=3 candles=120 more='0' next='1' nrec='120' rsym='DNASTTWO'
[2026-07-20 22:38:24]   [TTWO] page=4 candles=120 more='0' next='1' nrec='120' rsym='DNASTTWO'
[2026-07-20 22:38:24] [TTWO] page=5 attempt=1 요청 예외: 500 Server Error: Internal Server Error for url: https://openapi.koreainvestment.com:9443/uapi/overseas-price/v1/quotations/inquire-time-itemchartprice?AUTH=&EXCD=NAS&SYMB=TTWO&NMIN=30&PINC=1&NEXT=1&NREC=120&FILL=&KEYB=20260625203000
[2026-07-20 22:38:24] [TTWO] page=5 attempt=1 실패: 요청 예외
[2026-07-20 22:38:26]   [TTWO] page=5 candles=120 more='0' next='1' nrec='120' rsym='DNASTTWO'
[2026-07-20 22:38:27]   [TTWO] page=6 candles=32 more='0' next='0' nrec='32' rsym='DNASTTWO'
[2026-07-20 22:38:28]   [TXN] page=0 candles=120 more='0' next='1' nrec='120' rsym='DNASTXN'
[2026-07-20 22:38:28] [TXN] page=1 attempt=1 요청 예외: 500 Server Error: Internal Server Error for url: https://openapi.koreainvestment.com:9443/uapi/overseas-price/v1/quotations/inquire-time-itemchartprice?AUTH=&EXCD=NAS&SYMB=TXN&NMIN=30&PINC=1&NEXT=1&NREC=120&FILL=&KEYB=20260715013000
[2026-07-20 22:38:28] [TXN] page=1 attempt=1 실패: 요청 예외
[2026-07-20 22:38:30]   [TXN] page=1 candles=120 more='0' next='1' nrec='120' rsym='DNASTXN'
[2026-07-20 22:38:31]   [TXN] page=2 candles=120 more='0' next='1' nrec='120' rsym='DNASTXN'
[2026-07-20 22:38:31] [TXN] page=3 attempt=1 요청 예외: 500 Server Error: Internal Server Error for url: https://openapi.koreainvestment.com:9443/uapi/overseas-price/v1/quotations/inquire-time-itemchartprice?AUTH=&EXCD=NAS&SYMB=TXN&NMIN=30&PINC=1&NEXT=1&NREC=120&FILL=&KEYB=20260706203000
[2026-07-20 22:38:31] [TXN] page=3 attempt=1 실패: 요청 예외
[2026-07-20 22:38:33]   [TXN] page=3 candles=120 more='0' next='1' nrec='120' rsym='DNASTXN'
[2026-07-20 22:38:33]   [TXN] page=4 candles=120 more='0' next='1' nrec='120' rsym='DNASTXN'
[2026-07-20 22:38:34] [TXN] page=5 attempt=1 요청 예외: 500 Server Error: Internal Server Error for url: https://openapi.koreainvestment.com:9443/uapi/overseas-price/v1/quotations/inquire-time-itemchartprice?AUTH=&EXCD=NAS&SYMB=TXN&NMIN=30&PINC=1&NEXT=1&NREC=120&FILL=&KEYB=20260625200000
[2026-07-20 22:38:34] [TXN] page=5 attempt=1 실패: 요청 예외
[2026-07-20 22:38:36]   [TXN] page=5 candles=120 more='0' next='1' nrec='120' rsym='DNASTXN'
[2026-07-20 22:38:36]   [TXN] page=6 candles=32 more='0' next='0' nrec='32' rsym='DNASTXN'
[2026-07-20 22:38:37]   [VRSK] page=0 candles=120 more='0' next='1' nrec='120' rsym='DNASVRSK'
[2026-07-20 22:38:38]   [VRSK] page=1 candles=120 more='0' next='1' nrec='120' rsym='DNASVRSK'
[2026-07-20 22:38:38] [VRSK] page=2 attempt=1 요청 예외: 500 Server Error: Internal Server Error for url: https://openapi.koreainvestment.com:9443/uapi/overseas-price/v1/quotations/inquire-time-itemchartprice?AUTH=&EXCD=NAS&SYMB=VRSK&NMIN=30&PINC=1&NEXT=1&NREC=120&FILL=&KEYB=20260702213000
[2026-07-20 22:38:38] [VRSK] page=2 attempt=1 실패: 요청 예외
[2026-07-20 22:38:40]   [VRSK] page=2 candles=120 more='0' next='1' nrec='120' rsym='DNASVRSK'
[2026-07-20 22:38:41] [VRSK] page=3 attempt=1 요청 예외: 500 Server Error: Internal Server Error for url: https://openapi.koreainvestment.com:9443/uapi/overseas-price/v1/quotations/inquire-time-itemchartprice?AUTH=&EXCD=NAS&SYMB=VRSK&NMIN=30&PINC=1&NEXT=1&NREC=120&FILL=&KEYB=20260625223000
[2026-07-20 22:38:41] [VRSK] page=3 attempt=1 실패: 요청 예외
[2026-07-20 22:38:43]   [VRSK] page=3 candles=87 more='0' next='0' nrec='87' rsym='DNASVRSK'
[2026-07-20 22:38:44]   [VRTX] page=0 candles=120 more='0' next='1' nrec='120' rsym='DNASVRTX'
[2026-07-20 22:38:44]   [VRTX] page=1 candles=120 more='0' next='1' nrec='120' rsym='DNASVRTX'
[2026-07-20 22:38:45]   [VRTX] page=2 candles=120 more='0' next='1' nrec='120' rsym='DNASVRTX'
[2026-07-20 22:38:45] [VRTX] page=3 attempt=1 요청 예외: 500 Server Error: Internal Server Error for url: https://openapi.koreainvestment.com:9443/uapi/overseas-price/v1/quotations/inquire-time-itemchartprice?AUTH=&EXCD=NAS&SYMB=VRTX&NMIN=30&PINC=1&NEXT=1&NREC=120&FILL=&KEYB=20260701170000
[2026-07-20 22:38:45] [VRTX] page=3 attempt=1 실패: 요청 예외
[2026-07-20 22:38:47]   [VRTX] page=3 candles=120 more='0' next='1' nrec='120' rsym='DNASVRTX'
[2026-07-20 22:38:48] [VRTX] page=4 attempt=1 요청 예외: 500 Server Error: Internal Server Error for url: https://openapi.koreainvestment.com:9443/uapi/overseas-price/v1/quotations/inquire-time-itemchartprice?AUTH=&EXCD=NAS&SYMB=VRTX&NMIN=30&PINC=1&NEXT=1&NREC=120&FILL=&KEYB=20260626040000
[2026-07-20 22:38:48] [VRTX] page=4 attempt=1 실패: 요청 예외
[2026-07-20 22:38:50]   [VRTX] page=4 candles=117 more='0' next='0' nrec='117' rsym='DNASVRTX'
[2026-07-20 22:38:51]   [WDAY] page=0 candles=120 more='0' next='1' nrec='120' rsym='DNASWDAY'
[2026-07-20 22:38:51]   [WDAY] page=1 candles=120 more='0' next='1' nrec='120' rsym='DNASWDAY'
[2026-07-20 22:38:52]   [WDAY] page=2 candles=120 more='0' next='1' nrec='120' rsym='DNASWDAY'
[2026-07-20 22:38:52]   [WDAY] page=3 candles=120 more='0' next='1' nrec='120' rsym='DNASWDAY'
[2026-07-20 22:38:52] [WDAY] page=4 attempt=1 요청 예외: 500 Server Error: Internal Server Error for url: https://openapi.koreainvestment.com:9443/uapi/overseas-price/v1/quotations/inquire-time-itemchartprice?AUTH=&EXCD=NAS&SYMB=WDAY&NMIN=30&PINC=1&NEXT=1&NREC=120&FILL=&KEYB=20260630173000
[2026-07-20 22:38:52] [WDAY] page=4 attempt=1 실패: 요청 예외
[2026-07-20 22:38:55]   [WDAY] page=4 candles=120 more='0' next='1' nrec='120' rsym='DNASWDAY'
[2026-07-20 22:38:55] [WDAY] page=5 attempt=1 요청 예외: 500 Server Error: Internal Server Error for url: https://openapi.koreainvestment.com:9443/uapi/overseas-price/v1/quotations/inquire-time-itemchartprice?AUTH=&EXCD=NAS&SYMB=WDAY&NMIN=30&PINC=1&NEXT=1&NREC=120&FILL=&KEYB=20260625163000
[2026-07-20 22:38:55] [WDAY] page=5 attempt=1 실패: 요청 예외
[2026-07-20 22:38:57]   [WDAY] page=5 candles=120 more='0' next='0' nrec='120' rsym='DNASWDAY'
[2026-07-20 22:38:58]   [WDC] page=0 candles=120 more='0' next='1' nrec='120' rsym='DNASWDC'
[2026-07-20 22:38:59]   [WDC] page=1 candles=120 more='0' next='1' nrec='120' rsym='DNASWDC'
[2026-07-20 22:38:59]   [WDC] page=2 candles=120 more='0' next='1' nrec='120' rsym='DNASWDC'
[2026-07-20 22:38:59] [WDC] page=3 attempt=1 요청 예외: 500 Server Error: Internal Server Error for url: https://openapi.koreainvestment.com:9443/uapi/overseas-price/v1/quotations/inquire-time-itemchartprice?AUTH=&EXCD=NAS&SYMB=WDC&NMIN=30&PINC=1&NEXT=1&NREC=120&FILL=&KEYB=20260706203000
[2026-07-20 22:38:59] [WDC] page=3 attempt=1 실패: 요청 예외
[2026-07-20 22:39:01]   [WDC] page=3 candles=120 more='0' next='1' nrec='120' rsym='DNASWDC'
[2026-07-20 22:39:02]   [WDC] page=4 candles=120 more='0' next='1' nrec='120' rsym='DNASWDC'
[2026-07-20 22:39:02] [WDC] page=5 attempt=1 요청 예외: 500 Server Error: Internal Server Error for url: https://openapi.koreainvestment.com:9443/uapi/overseas-price/v1/quotations/inquire-time-itemchartprice?AUTH=&EXCD=NAS&SYMB=WDC&NMIN=30&PINC=1&NEXT=1&NREC=120&FILL=&KEYB=20260625203000
[2026-07-20 22:39:02] [WDC] page=5 attempt=1 실패: 요청 예외
[2026-07-20 22:39:04]   [WDC] page=5 candles=120 more='0' next='1' nrec='120' rsym='DNASWDC'
[2026-07-20 22:39:05] [WDC] page=6 attempt=1 요청 예외: 500 Server Error: Internal Server Error for url: https://openapi.koreainvestment.com:9443/uapi/overseas-price/v1/quotations/inquire-time-itemchartprice?AUTH=&EXCD=NAS&SYMB=WDC&NMIN=30&PINC=1&NEXT=1&NREC=120&FILL=&KEYB=20260622203000
[2026-07-20 22:39:05] [WDC] page=6 attempt=1 실패: 요청 예외
[2026-07-20 22:39:07]   [WDC] page=6 candles=32 more='0' next='0' nrec='32' rsym='DNASWDC'
[2026-07-20 22:39:08]   [XEL] page=0 candles=120 more='0' next='1' nrec='120' rsym='DNASXEL'
[2026-07-20 22:39:08]   [XEL] page=1 candles=120 more='0' next='1' nrec='120' rsym='DNASXEL'
[2026-07-20 22:39:09]   [XEL] page=2 candles=120 more='0' next='1' nrec='120' rsym='DNASXEL'
[2026-07-20 22:39:09] [XEL] page=3 attempt=1 요청 예외: 500 Server Error: Internal Server Error for url: https://openapi.koreainvestment.com:9443/uapi/overseas-price/v1/quotations/inquire-time-itemchartprice?AUTH=&EXCD=NAS&SYMB=XEL&NMIN=30&PINC=1&NEXT=1&NREC=120&FILL=&KEYB=20260626040000
[2026-07-20 22:39:09] [XEL] page=3 attempt=1 실패: 요청 예외
[2026-07-20 22:39:11]   [XEL] page=3 candles=93 more='0' next='0' nrec='93' rsym='DNASXEL'
[2026-07-20 22:39:12]   [ZS] page=0 candles=120 more='0' next='1' nrec='120' rsym='DNASZS'
[2026-07-20 22:39:13]   [ZS] page=1 candles=120 more='0' next='1' nrec='120' rsym='DNASZS'
[2026-07-20 22:39:13] [ZS] page=2 attempt=1 요청 예외: 500 Server Error: Internal Server Error for url: https://openapi.koreainvestment.com:9443/uapi/overseas-price/v1/quotations/inquire-time-itemchartprice?AUTH=&EXCD=NAS&SYMB=ZS&NMIN=30&PINC=1&NEXT=1&NREC=120&FILL=&KEYB=20260709203000
[2026-07-20 22:39:13] [ZS] page=2 attempt=1 실패: 요청 예외
[2026-07-20 22:39:15]   [ZS] page=2 candles=120 more='0' next='1' nrec='120' rsym='DNASZS'
[2026-07-20 22:39:16]   [ZS] page=3 candles=120 more='0' next='1' nrec='120' rsym='DNASZS'
[2026-07-20 22:39:16] [ZS] page=4 attempt=1 요청 예외: 500 Server Error: Internal Server Error for url: https://openapi.koreainvestment.com:9443/uapi/overseas-price/v1/quotations/inquire-time-itemchartprice?AUTH=&EXCD=NAS&SYMB=ZS&NMIN=30&PINC=1&NEXT=1&NREC=120&FILL=&KEYB=20260630203000
[2026-07-20 22:39:16] [ZS] page=4 attempt=1 실패: 요청 예외
[2026-07-20 22:39:18]   [ZS] page=4 candles=120 more='0' next='1' nrec='120' rsym='DNASZS'
[2026-07-20 22:39:19]   [ZS] page=5 candles=120 more='0' next='1' nrec='120' rsym='DNASZS'
[2026-07-20 22:39:19]   [ZS] page=6 candles=32 more='0' next='0' nrec='32' rsym='DNASZS'
[2026-07-20 22:39:20]   [WBD] page=0 candles=120 more='0' next='1' nrec='120' rsym='DNASWBD'
[2026-07-20 22:39:20] [WBD] page=1 attempt=1 요청 예외: 500 Server Error: Internal Server Error for url: https://openapi.koreainvestment.com:9443/uapi/overseas-price/v1/quotations/inquire-time-itemchartprice?AUTH=&EXCD=NAS&SYMB=WBD&NMIN=30&PINC=1&NEXT=1&NREC=120&FILL=&KEYB=20260714210000
[2026-07-20 22:39:20] [WBD] page=1 attempt=1 실패: 요청 예외
[2026-07-20 22:39:23]   [WBD] page=1 candles=120 more='0' next='1' nrec='120' rsym='DNASWBD'
[2026-07-20 22:39:23]   [WBD] page=2 candles=120 more='0' next='1' nrec='120' rsym='DNASWBD'
[2026-07-20 22:39:23] [WBD] page=3 attempt=1 요청 예외: 500 Server Error: Internal Server Error for url: https://openapi.koreainvestment.com:9443/uapi/overseas-price/v1/quotations/inquire-time-itemchartprice?AUTH=&EXCD=NAS&SYMB=WBD&NMIN=30&PINC=1&NEXT=1&NREC=120&FILL=&KEYB=20260702213000
[2026-07-20 22:39:23] [WBD] page=3 attempt=1 실패: 요청 예외
[2026-07-20 22:39:25]   [WBD] page=3 candles=120 more='0' next='1' nrec='120' rsym='DNASWBD'
[2026-07-20 22:39:26] [WBD] page=4 attempt=1 요청 예외: 500 Server Error: Internal Server Error for url: https://openapi.koreainvestment.com:9443/uapi/overseas-price/v1/quotations/inquire-time-itemchartprice?AUTH=&EXCD=NAS&SYMB=WBD&NMIN=30&PINC=1&NEXT=1&NREC=120&FILL=&KEYB=20260627080000
[2026-07-20 22:39:26] [WBD] page=4 attempt=1 실패: 요청 예외
[2026-07-20 22:39:28]   [WBD] page=4 candles=120 more='0' next='1' nrec='120' rsym='DNASWBD'
[2026-07-20 22:39:28]   [WBD] page=5 candles=58 more='0' next='0' nrec='58' rsym='DNASWBD'
[2026-07-20 22:43:57]   [AAPL] page=0 candles=120 more='0' next='1' nrec='120' rsym='DNASAAPL'
[2026-07-20 22:43:58]   [AAPL] page=1 candles=120 more='0' next='1' nrec='120' rsym='DNASAAPL'
[2026-07-20 22:43:58]   [AAPL] page=2 candles=120 more='0' next='1' nrec='120' rsym='DNASAAPL'
[2026-07-20 22:43:59]   [AAPL] page=3 candles=120 more='0' next='1' nrec='120' rsym='DNASAAPL'
[2026-07-20 22:44:00]   [AAPL] page=4 candles=120 more='0' next='1' nrec='120' rsym='DNASAAPL'
[2026-07-20 22:44:01]   [AAPL] page=5 candles=120 more='0' next='1' nrec='120' rsym='DNASAAPL'
[2026-07-20 22:44:01] [AAPL] page=6 attempt=1 요청 예외: 500 Server Error: Internal Server Error for url: https://openapi.koreainvestment.com:9443/uapi/overseas-price/v1/quotations/inquire-time-itemchartprice?AUTH=&EXCD=NAS&SYMB=AAPL&NMIN=30&PINC=1&NEXT=1&NREC=120&FILL=&KEYB=20260622203000
[2026-07-20 22:44:01] [AAPL] page=6 attempt=1 실패: 요청 예외
[2026-07-20 22:44:03]   [AAPL] page=6 candles=32 more='0' next='0' nrec='32' rsym='DNASAAPL'
[2026-07-20 22:44:04]   [ABNB] page=0 candles=120 more='0' next='1' nrec='120' rsym='DNASABNB'
[2026-07-20 22:44:05]   [ABNB] page=1 candles=120 more='0' next='1' nrec='120' rsym='DNASABNB'
[2026-07-20 22:44:06]   [ABNB] page=2 candles=120 more='0' next='1' nrec='120' rsym='DNASABNB'
[2026-07-20 22:44:06] [ABNB] page=3 attempt=1 요청 예외: 500 Server Error: Internal Server Error for url: https://openapi.koreainvestment.com:9443/uapi/overseas-price/v1/quotations/inquire-time-itemchartprice?AUTH=&EXCD=NAS&SYMB=ABNB&NMIN=30&PINC=1&NEXT=1&NREC=120&FILL=&KEYB=20260702063000
[2026-07-20 22:44:06] [ABNB] page=3 attempt=1 실패: 요청 예외
[2026-07-20 22:44:08]   [ABNB] page=3 candles=120 more='0' next='1' nrec='120' rsym='DNASABNB'
[2026-07-20 22:44:09]   [ABNB] page=4 candles=120 more='0' next='1' nrec='120' rsym='DNASABNB'
[2026-07-20 22:44:10]   [ABNB] page=5 candles=35 more='0' next='0' nrec='35' rsym='DNASABNB'
[2026-07-20 22:44:11]   [ADBE] page=0 candles=120 more='0' next='1' nrec='120' rsym='DNASADBE'
[2026-07-20 22:44:11] [ADBE] page=1 attempt=1 요청 예외: 500 Server Error: Internal Server Error for url: https://openapi.koreainvestment.com:9443/uapi/overseas-price/v1/quotations/inquire-time-itemchartprice?AUTH=&EXCD=NAS&SYMB=ADBE&NMIN=30&PINC=1&NEXT=1&NREC=120&FILL=&KEYB=20260715023000
[2026-07-20 22:44:11] [ADBE] page=1 attempt=1 실패: 요청 예외
[2026-07-20 22:44:13]   [ADBE] page=1 candles=120 more='0' next='1' nrec='120' rsym='DNASADBE'
[2026-07-20 22:44:14]   [ADBE] page=2 candles=120 more='0' next='1' nrec='120' rsym='DNASADBE'
[2026-07-20 22:44:15]   [ADBE] page=3 candles=120 more='0' next='1' nrec='120' rsym='DNASADBE'
[2026-07-20 22:44:15]   [ADBE] page=4 candles=120 more='0' next='1' nrec='120' rsym='DNASADBE'
[2026-07-20 22:44:16]   [ADBE] page=5 candles=120 more='0' next='1' nrec='120' rsym='DNASADBE'
[2026-07-20 22:44:17]   [ADBE] page=6 candles=32 more='0' next='0' nrec='32' rsym='DNASADBE'
[2026-07-20 22:44:18]   [ADI] page=0 candles=120 more='0' next='1' nrec='120' rsym='DNASADI'
[2026-07-20 22:44:19]   [ADI] page=1 candles=120 more='0' next='1' nrec='120' rsym='DNASADI'
[2026-07-20 22:44:19] [ADI] page=2 attempt=1 요청 예외: 500 Server Error: Internal Server Error for url: https://openapi.koreainvestment.com:9443/uapi/overseas-price/v1/quotations/inquire-time-itemchartprice?AUTH=&EXCD=NAS&SYMB=ADI&NMIN=30&PINC=1&NEXT=1&NREC=120&FILL=&KEYB=20260709193000
[2026-07-20 22:44:19] [ADI] page=2 attempt=1 실패: 요청 예외
[2026-07-20 22:44:21]   [ADI] page=2 candles=120 more='0' next='1' nrec='120' rsym='DNASADI'
[2026-07-20 22:44:22]   [ADI] page=3 candles=120 more='0' next='1' nrec='120' rsym='DNASADI'
[2026-07-20 22:44:23]   [ADI] page=4 candles=120 more='0' next='1' nrec='120' rsym='DNASADI'
[2026-07-20 22:44:23] [ADI] page=5 attempt=1 요청 예외: 500 Server Error: Internal Server Error for url: https://openapi.koreainvestment.com:9443/uapi/overseas-price/v1/quotations/inquire-time-itemchartprice?AUTH=&EXCD=NAS&SYMB=ADI&NMIN=30&PINC=1&NEXT=1&NREC=120&FILL=&KEYB=20260625203000
[2026-07-20 22:44:23] [ADI] page=5 attempt=1 실패: 요청 예외
[2026-07-20 22:44:25]   [ADI] page=5 candles=120 more='0' next='1' nrec='120' rsym='DNASADI'
[2026-07-20 22:44:26]   [ADI] page=6 candles=32 more='0' next='0' nrec='32' rsym='DNASADI'
[2026-07-20 22:44:27]   [ADP] page=0 candles=120 more='0' next='1' nrec='120' rsym='DNASADP'
[2026-07-20 22:44:28]   [ADP] page=1 candles=120 more='0' next='1' nrec='120' rsym='DNASADP'
[2026-07-20 22:44:28] [ADP] page=2 attempt=1 요청 예외: 500 Server Error: Internal Server Error for url: https://openapi.koreainvestment.com:9443/uapi/overseas-price/v1/quotations/inquire-time-itemchartprice?AUTH=&EXCD=NAS&SYMB=ADP&NMIN=30&PINC=1&NEXT=1&NREC=120&FILL=&KEYB=20260707210000
[2026-07-20 22:44:28] [ADP] page=2 attempt=1 실패: 요청 예외
[2026-07-20 22:44:30]   [ADP] page=2 candles=120 more='0' next='1' nrec='120' rsym='DNASADP'
[2026-07-20 22:44:31]   [ADP] page=3 candles=120 more='0' next='1' nrec='120' rsym='DNASADP'
[2026-07-20 22:44:31]   [ADP] page=4 candles=80 more='0' next='0' nrec='80' rsym='DNASADP'
[2026-07-20 22:44:33]   [ADSK] page=0 candles=120 more='0' next='1' nrec='120' rsym='DNASADSK'
[2026-07-20 22:44:33]   [ADSK] page=1 candles=120 more='0' next='1' nrec='120' rsym='DNASADSK'
[2026-07-20 22:44:34]   [ADSK] page=2 candles=120 more='0' next='1' nrec='120' rsym='DNASADSK'
[2026-07-20 22:44:35]   [ADSK] page=3 candles=120 more='0' next='1' nrec='120' rsym='DNASADSK'
[2026-07-20 22:44:35]   [ADSK] page=4 candles=120 more='0' next='1' nrec='120' rsym='DNASADSK'
[2026-07-20 22:44:36] [ADSK] page=5 attempt=1 요청 예외: 500 Server Error: Internal Server Error for url: https://openapi.koreainvestment.com:9443/uapi/overseas-price/v1/quotations/inquire-time-itemchartprice?AUTH=&EXCD=NAS&SYMB=ADSK&NMIN=30&PINC=1&NEXT=1&NREC=120&FILL=&KEYB=20260623183000
[2026-07-20 22:44:36] [ADSK] page=5 attempt=1 실패: 요청 예외
[2026-07-20 22:44:38]   [ADSK] page=5 candles=62 more='0' next='0' nrec='62' rsym='DNASADSK'
[2026-07-20 22:44:39]   [AEP] page=0 candles=120 more='0' next='1' nrec='120' rsym='DNASAEP'
[2026-07-20 22:44:40]   [AEP] page=1 candles=120 more='0' next='1' nrec='120' rsym='DNASAEP'
[2026-07-20 22:44:40]   [AEP] page=2 candles=120 more='0' next='1' nrec='120' rsym='DNASAEP'
[2026-07-20 22:44:41]   [AEP] page=3 candles=120 more='0' next='1' nrec='120' rsym='DNASAEP'
[2026-07-20 22:44:42]   [AEP] page=4 candles=113 more='0' next='0' nrec='113' rsym='DNASAEP'
[2026-07-20 22:44:43]   [ALNY] page=0 candles=120 more='0' next='1' nrec='120' rsym='DNASALNY'
[2026-07-20 22:44:44]   [ALNY] page=1 candles=120 more='0' next='1' nrec='120' rsym='DNASALNY'
[2026-07-20 22:44:44]   [ALNY] page=2 candles=120 more='0' next='1' nrec='120' rsym='DNASALNY'
[2026-07-20 22:44:45]   [ALNY] page=3 candles=120 more='0' next='1' nrec='120' rsym='DNASALNY'
[2026-07-20 22:44:46]   [ALNY] page=4 candles=70 more='0' next='0' nrec='70' rsym='DNASALNY'
[2026-07-20 22:44:47]   [AMAT] page=0 candles=120 more='0' next='1' nrec='120' rsym='DNASAMAT'
[2026-07-20 22:44:48]   [AMAT] page=1 candles=120 more='0' next='1' nrec='120' rsym='DNASAMAT'
[2026-07-20 22:44:48]   [AMAT] page=2 candles=120 more='0' next='1' nrec='120' rsym='DNASAMAT'
[2026-07-20 22:44:49] [AMAT] page=3 attempt=1 요청 예외: 500 Server Error: Internal Server Error for url: https://openapi.koreainvestment.com:9443/uapi/overseas-price/v1/quotations/inquire-time-itemchartprice?AUTH=&EXCD=NAS&SYMB=AMAT&NMIN=30&PINC=1&NEXT=1&NREC=120&FILL=&KEYB=20260706203000
[2026-07-20 22:44:49] [AMAT] page=3 attempt=1 실패: 요청 예외
[2026-07-20 22:44:51]   [AMAT] page=3 candles=120 more='0' next='1' nrec='120' rsym='DNASAMAT'
[2026-07-20 22:44:52]   [AMAT] page=4 candles=120 more='0' next='1' nrec='120' rsym='DNASAMAT'
[2026-07-20 22:44:52]   [AMAT] page=5 candles=120 more='0' next='1' nrec='120' rsym='DNASAMAT'
[2026-07-20 22:44:53] [AMAT] page=6 attempt=1 요청 예외: 500 Server Error: Internal Server Error for url: https://openapi.koreainvestment.com:9443/uapi/overseas-price/v1/quotations/inquire-time-itemchartprice?AUTH=&EXCD=NAS&SYMB=AMAT&NMIN=30&PINC=1&NEXT=1&NREC=120&FILL=&KEYB=20260622203000
[2026-07-20 22:44:53] [AMAT] page=6 attempt=1 실패: 요청 예외
[2026-07-20 22:44:55]   [AMAT] page=6 candles=32 more='0' next='0' nrec='32' rsym='DNASAMAT'
[2026-07-20 22:44:56]   [AMD] page=0 candles=120 more='0' next='1' nrec='120' rsym='DNASAMD'
[2026-07-20 22:44:57]   [AMD] page=1 candles=120 more='0' next='1' nrec='120' rsym='DNASAMD'
[2026-07-20 22:44:57]   [AMD] page=2 candles=120 more='0' next='1' nrec='120' rsym='DNASAMD'
[2026-07-20 22:44:58]   [AMD] page=3 candles=120 more='0' next='1' nrec='120' rsym='DNASAMD'
[2026-07-20 22:44:59]   [AMD] page=4 candles=120 more='0' next='1' nrec='120' rsym='DNASAMD'
[2026-07-20 22:45:00]   [AMD] page=5 candles=120 more='0' next='1' nrec='120' rsym='DNASAMD'
[2026-07-20 22:45:00]   [AMD] page=6 candles=32 more='0' next='0' nrec='32' rsym='DNASAMD'
[2026-07-20 22:45:01]   [AMGN] page=0 candles=120 more='0' next='1' nrec='120' rsym='DNASAMGN'
[2026-07-20 22:45:02] [AMGN] page=1 attempt=1 요청 예외: 500 Server Error: Internal Server Error for url: https://openapi.koreainvestment.com:9443/uapi/overseas-price/v1/quotations/inquire-time-itemchartprice?AUTH=&EXCD=NAS&SYMB=AMGN&NMIN=30&PINC=1&NEXT=1&NREC=120&FILL=&KEYB=20260714203000
[2026-07-20 22:45:02] [AMGN] page=1 attempt=1 실패: 요청 예외
[2026-07-20 22:45:04]   [AMGN] page=1 candles=120 more='0' next='1' nrec='120' rsym='DNASAMGN'
[2026-07-20 22:45:05]   [AMGN] page=2 candles=120 more='0' next='1' nrec='120' rsym='DNASAMGN'
[2026-07-20 22:45:05]   [AMGN] page=3 candles=120 more='0' next='1' nrec='120' rsym='DNASAMGN'
[2026-07-20 22:45:06] [AMGN] page=4 attempt=1 요청 예외: 500 Server Error: Internal Server Error for url: https://openapi.koreainvestment.com:9443/uapi/overseas-price/v1/quotations/inquire-time-itemchartprice?AUTH=&EXCD=NAS&SYMB=AMGN&NMIN=30&PINC=1&NEXT=1&NREC=120&FILL=&KEYB=20260627060000
[2026-07-20 22:45:06] [AMGN] page=4 attempt=1 실패: 요청 예외
[2026-07-20 22:45:08]   [AMGN] page=4 candles=120 more='0' next='1' nrec='120' rsym='DNASAMGN'
[2026-07-20 22:45:09]   [AMGN] page=5 candles=59 more='0' next='0' nrec='59' rsym='DNASAMGN'
[2026-07-20 22:45:10]   [AMZN] page=0 candles=120 more='0' next='1' nrec='120' rsym='DNASAMZN'
[2026-07-20 22:45:10]   [AMZN] page=1 candles=120 more='0' next='1' nrec='120' rsym='DNASAMZN'
[2026-07-20 22:45:11] [AMZN] page=2 attempt=1 요청 예외: 500 Server Error: Internal Server Error for url: https://openapi.koreainvestment.com:9443/uapi/overseas-price/v1/quotations/inquire-time-itemchartprice?AUTH=&EXCD=NAS&SYMB=AMZN&NMIN=30&PINC=1&NEXT=1&NREC=120&FILL=&KEYB=20260709203000
[2026-07-20 22:45:11] [AMZN] page=2 attempt=1 실패: 요청 예외
[2026-07-20 22:45:13]   [AMZN] page=2 candles=120 more='0' next='1' nrec='120' rsym='DNASAMZN'
[2026-07-20 22:45:14]   [AMZN] page=3 candles=120 more='0' next='1' nrec='120' rsym='DNASAMZN'
[2026-07-20 22:45:14]   [AMZN] page=4 candles=120 more='0' next='1' nrec='120' rsym='DNASAMZN'
[2026-07-20 22:45:15]   [AMZN] page=5 candles=120 more='0' next='1' nrec='120' rsym='DNASAMZN'
[2026-07-20 22:45:16]   [AMZN] page=6 candles=32 more='0' next='0' nrec='32' rsym='DNASAMZN'
[2026-07-20 22:45:17]   [APP] page=0 candles=120 more='0' next='1' nrec='120' rsym='DNASAPP'
[2026-07-20 22:45:18]   [APP] page=1 candles=120 more='0' next='1' nrec='120' rsym='DNASAPP'
[2026-07-20 22:45:18]   [APP] page=2 candles=120 more='0' next='1' nrec='120' rsym='DNASAPP'
[2026-07-20 22:45:19] [APP] page=3 attempt=1 요청 예외: 500 Server Error: Internal Server Error for url: https://openapi.koreainvestment.com:9443/uapi/overseas-price/v1/quotations/inquire-time-itemchartprice?AUTH=&EXCD=NAS&SYMB=APP&NMIN=30&PINC=1&NEXT=1&NREC=120&FILL=&KEYB=20260706203000
[2026-07-20 22:45:19] [APP] page=3 attempt=1 실패: 요청 예외
[2026-07-20 22:45:21]   [APP] page=3 candles=120 more='0' next='1' nrec='120' rsym='DNASAPP'
[2026-07-20 22:45:22]   [APP] page=4 candles=120 more='0' next='1' nrec='120' rsym='DNASAPP'
[2026-07-20 22:45:22]   [APP] page=5 candles=120 more='0' next='1' nrec='120' rsym='DNASAPP'
[2026-07-20 22:45:23]   [APP] page=6 candles=32 more='0' next='0' nrec='32' rsym='DNASAPP'
[2026-07-20 22:45:24]   [ARM] page=0 candles=120 more='0' next='1' nrec='120' rsym='DNASARM'
[2026-07-20 22:45:25]   [ARM] page=1 candles=120 more='0' next='1' nrec='120' rsym='DNASARM'
[2026-07-20 22:45:26]   [ARM] page=2 candles=120 more='0' next='1' nrec='120' rsym='DNASARM'
[2026-07-20 22:45:26]   [ARM] page=3 candles=120 more='0' next='1' nrec='120' rsym='DNASARM'
[2026-07-20 22:45:27] [ARM] page=4 attempt=1 요청 예외: 500 Server Error: Internal Server Error for url: https://openapi.koreainvestment.com:9443/uapi/overseas-price/v1/quotations/inquire-time-itemchartprice?AUTH=&EXCD=NAS&SYMB=ARM&NMIN=30&PINC=1&NEXT=1&NREC=120&FILL=&KEYB=20260630203000
[2026-07-20 22:45:27] [ARM] page=4 attempt=1 실패: 요청 예외
[2026-07-20 22:45:29]   [ARM] page=4 candles=120 more='0' next='1' nrec='120' rsym='DNASARM'
[2026-07-20 22:45:30]   [ARM] page=5 candles=120 more='0' next='1' nrec='120' rsym='DNASARM'
[2026-07-20 22:45:30]   [ARM] page=6 candles=32 more='0' next='0' nrec='32' rsym='DNASARM'
[2026-07-20 22:45:31]   [ASML] page=0 candles=120 more='0' next='1' nrec='120' rsym='DNASASML'
[2026-07-20 22:45:32] [ASML] page=1 attempt=1 요청 예외: 500 Server Error: Internal Server Error for url: https://openapi.koreainvestment.com:9443/uapi/overseas-price/v1/quotations/inquire-time-itemchartprice?AUTH=&EXCD=NAS&SYMB=ASML&NMIN=30&PINC=1&NEXT=1&NREC=120&FILL=&KEYB=20260715023000
[2026-07-20 22:45:32] [ASML] page=1 attempt=1 실패: 요청 예외
[2026-07-20 22:45:34]   [ASML] page=1 candles=120 more='0' next='1' nrec='120' rsym='DNASASML'
[2026-07-20 22:45:35]   [ASML] page=2 candles=120 more='0' next='1' nrec='120' rsym='DNASASML'
[2026-07-20 22:45:35]   [ASML] page=3 candles=120 more='0' next='1' nrec='120' rsym='DNASASML'
[2026-07-20 22:45:36] [ASML] page=4 attempt=1 요청 예외: 500 Server Error: Internal Server Error for url: https://openapi.koreainvestment.com:9443/uapi/overseas-price/v1/quotations/inquire-time-itemchartprice?AUTH=&EXCD=NAS&SYMB=ASML&NMIN=30&PINC=1&NEXT=1&NREC=120&FILL=&KEYB=20260630203000
[2026-07-20 22:45:36] [ASML] page=4 attempt=1 실패: 요청 예외
[2026-07-20 22:45:38]   [ASML] page=4 candles=120 more='0' next='1' nrec='120' rsym='DNASASML'
[2026-07-20 22:45:39]   [ASML] page=5 candles=120 more='0' next='1' nrec='120' rsym='DNASASML'
[2026-07-20 22:45:39] [ASML] page=6 attempt=1 요청 예외: 500 Server Error: Internal Server Error for url: https://openapi.koreainvestment.com:9443/uapi/overseas-price/v1/quotations/inquire-time-itemchartprice?AUTH=&EXCD=NAS&SYMB=ASML&NMIN=30&PINC=1&NEXT=1&NREC=120&FILL=&KEYB=20260622203000
[2026-07-20 22:45:39] [ASML] page=6 attempt=1 실패: 요청 예외
[2026-07-20 22:45:41]   [ASML] page=6 candles=32 more='0' next='0' nrec='32' rsym='DNASASML'
[2026-07-20 22:45:42]   [AVGO] page=0 candles=120 more='0' next='1' nrec='120' rsym='DNASAVGO'
[2026-07-20 22:45:43]   [AVGO] page=1 candles=120 more='0' next='1' nrec='120' rsym='DNASAVGO'
[2026-07-20 22:45:44]   [AVGO] page=2 candles=120 more='0' next='1' nrec='120' rsym='DNASAVGO'
[2026-07-20 22:45:44]   [AVGO] page=3 candles=120 more='0' next='1' nrec='120' rsym='DNASAVGO'
[2026-07-20 22:45:45] [AVGO] page=4 attempt=1 요청 예외: 500 Server Error: Internal Server Error for url: https://openapi.koreainvestment.com:9443/uapi/overseas-price/v1/quotations/inquire-time-itemchartprice?AUTH=&EXCD=NAS&SYMB=AVGO&NMIN=30&PINC=1&NEXT=1&NREC=120&FILL=&KEYB=20260630203000
[2026-07-20 22:45:45] [AVGO] page=4 attempt=1 실패: 요청 예외
[2026-07-20 22:45:47]   [AVGO] page=4 candles=120 more='0' next='1' nrec='120' rsym='DNASAVGO'
[2026-07-20 22:45:48]   [AVGO] page=5 candles=120 more='0' next='1' nrec='120' rsym='DNASAVGO'
[2026-07-20 22:45:48]   [AVGO] page=6 candles=32 more='0' next='0' nrec='32' rsym='DNASAVGO'
[2026-07-20 22:45:49]   [AXON] page=0 candles=120 more='0' next='1' nrec='120' rsym='DNASAXON'
[2026-07-20 22:45:50]   [AXON] page=1 candles=120 more='0' next='1' nrec='120' rsym='DNASAXON'
[2026-07-20 22:45:51]   [AXON] page=2 candles=120 more='0' next='1' nrec='120' rsym='DNASAXON'
[2026-07-20 22:45:52]   [AXON] page=3 candles=120 more='0' next='1' nrec='120' rsym='DNASAXON'
[2026-07-20 22:45:52]   [AXON] page=4 candles=120 more='0' next='1' nrec='120' rsym='DNASAXON'
[2026-07-20 22:45:53] [AXON] page=5 attempt=1 요청 예외: 500 Server Error: Internal Server Error for url: https://openapi.koreainvestment.com:9443/uapi/overseas-price/v1/quotations/inquire-time-itemchartprice?AUTH=&EXCD=NAS&SYMB=AXON&NMIN=30&PINC=1&NEXT=1&NREC=120&FILL=&KEYB=20260625183000
[2026-07-20 22:45:53] [AXON] page=5 attempt=1 실패: 요청 예외
[2026-07-20 22:45:55]   [AXON] page=5 candles=120 more='0' next='1' nrec='120' rsym='DNASAXON'
[2026-07-20 22:45:56]   [AXON] page=6 candles=30 more='0' next='0' nrec='30' rsym='DNASAXON'
[2026-07-20 22:45:57]   [BKNG] page=0 candles=120 more='0' next='1' nrec='120' rsym='DNASBKNG'
[2026-07-20 22:45:57]   [BKNG] page=1 candles=120 more='0' next='1' nrec='120' rsym='DNASBKNG'
[2026-07-20 22:45:58] [BKNG] page=2 attempt=1 요청 예외: 500 Server Error: Internal Server Error for url: https://openapi.koreainvestment.com:9443/uapi/overseas-price/v1/quotations/inquire-time-itemchartprice?AUTH=&EXCD=NAS&SYMB=BKNG&NMIN=30&PINC=1&NEXT=1&NREC=120&FILL=&KEYB=20260709180000
[2026-07-20 22:45:58] [BKNG] page=2 attempt=1 실패: 요청 예외
[2026-07-20 22:46:00]   [BKNG] page=2 candles=120 more='0' next='1' nrec='120' rsym='DNASBKNG'
[2026-07-20 22:46:01]   [BKNG] page=3 candles=120 more='0' next='1' nrec='120' rsym='DNASBKNG'
[2026-07-20 22:46:01]   [BKNG] page=4 candles=120 more='0' next='1' nrec='120' rsym='DNASBKNG'
[2026-07-20 22:46:02] [BKNG] page=5 attempt=1 요청 예외: 500 Server Error: Internal Server Error for url: https://openapi.koreainvestment.com:9443/uapi/overseas-price/v1/quotations/inquire-time-itemchartprice?AUTH=&EXCD=NAS&SYMB=BKNG&NMIN=30&PINC=1&NEXT=1&NREC=120&FILL=&KEYB=20260625073000
[2026-07-20 22:46:02] [BKNG] page=5 attempt=1 실패: 요청 예외
[2026-07-20 22:46:04]   [BKNG] page=5 candles=103 more='0' next='0' nrec='103' rsym='DNASBKNG'
[2026-07-20 22:46:05]   [BKR] page=0 candles=120 more='0' next='1' nrec='120' rsym='DNASBKR'
[2026-07-20 22:46:06]   [BKR] page=1 candles=120 more='0' next='1' nrec='120' rsym='DNASBKR'
[2026-07-20 22:46:06]   [BKR] page=2 candles=120 more='0' next='1' nrec='120' rsym='DNASBKR'
[2026-07-20 22:46:07]   [BKR] page=3 candles=120 more='0' next='1' nrec='120' rsym='DNASBKR'
[2026-07-20 22:46:08]   [BKR] page=4 candles=120 more='0' next='1' nrec='120' rsym='DNASBKR'
[2026-07-20 22:46:09]   [BKR] page=5 candles=35 more='0' next='0' nrec='35' rsym='DNASBKR'
[2026-07-20 22:46:10]   [CCEP] page=0 candles=120 more='0' next='1' nrec='120' rsym='DNASCCEP'
[2026-07-20 22:46:10] [CCEP] page=1 attempt=1 요청 예외: 500 Server Error: Internal Server Error for url: https://openapi.koreainvestment.com:9443/uapi/overseas-price/v1/quotations/inquire-time-itemchartprice?AUTH=&EXCD=NAS&SYMB=CCEP&NMIN=30&PINC=1&NEXT=1&NREC=120&FILL=&KEYB=20260711050000
[2026-07-20 22:46:10] [CCEP] page=1 attempt=1 실패: 요청 예외
[2026-07-20 22:46:12]   [CCEP] page=1 candles=120 more='0' next='1' nrec='120' rsym='DNASCCEP'
[2026-07-20 22:46:13]   [CCEP] page=2 candles=120 more='0' next='1' nrec='120' rsym='DNASCCEP'
[2026-07-20 22:46:14]   [CCEP] page=3 candles=120 more='0' next='1' nrec='120' rsym='DNASCCEP'
[2026-07-20 22:46:14] [CCEP] page=4 attempt=1 요청 예외: 500 Server Error: Internal Server Error for url: https://openapi.koreainvestment.com:9443/uapi/overseas-price/v1/quotations/inquire-time-itemchartprice?AUTH=&EXCD=NAS&SYMB=CCEP&NMIN=30&PINC=1&NEXT=1&NREC=120&FILL=&KEYB=20260623080000
[2026-07-20 22:46:14] [CCEP] page=4 attempt=1 실패: 요청 예외
[2026-07-20 22:46:16]   [CCEP] page=4 candles=34 more='0' next='0' nrec='34' rsym='DNASCCEP'
[2026-07-20 22:46:17]   [CDNS] page=0 candles=120 more='0' next='1' nrec='120' rsym='DNASCDNS'
[2026-07-20 22:46:18]   [CDNS] page=1 candles=120 more='0' next='1' nrec='120' rsym='DNASCDNS'
[2026-07-20 22:46:19]   [CDNS] page=2 candles=120 more='0' next='1' nrec='120' rsym='DNASCDNS'
[2026-07-20 22:46:19] [CDNS] page=3 attempt=1 요청 예외: 500 Server Error: Internal Server Error for url: https://openapi.koreainvestment.com:9443/uapi/overseas-price/v1/quotations/inquire-time-itemchartprice?AUTH=&EXCD=NAS&SYMB=CDNS&NMIN=30&PINC=1&NEXT=1&NREC=120&FILL=&KEYB=20260702233000
[2026-07-20 22:46:19] [CDNS] page=3 attempt=1 실패: 요청 예외
[2026-07-20 22:46:21]   [CDNS] page=3 candles=120 more='0' next='1' nrec='120' rsym='DNASCDNS'
[2026-07-20 22:46:22]   [CDNS] page=4 candles=120 more='0' next='1' nrec='120' rsym='DNASCDNS'
[2026-07-20 22:46:23]   [CDNS] page=5 candles=90 more='0' next='0' nrec='90' rsym='DNASCDNS'
[2026-07-20 22:46:24]   [CEG] page=0 candles=120 more='0' next='1' nrec='120' rsym='DNASCEG'
[2026-07-20 22:46:24]   [CEG] page=1 candles=120 more='0' next='1' nrec='120' rsym='DNASCEG'
[2026-07-20 22:46:25]   [CEG] page=2 candles=120 more='0' next='1' nrec='120' rsym='DNASCEG'
[2026-07-20 22:46:26]   [CEG] page=3 candles=120 more='0' next='1' nrec='120' rsym='DNASCEG'
[2026-07-20 22:46:27]   [CEG] page=4 candles=120 more='0' next='1' nrec='120' rsym='DNASCEG'
[2026-07-20 22:46:27]   [CEG] page=5 candles=120 more='0' next='1' nrec='120' rsym='DNASCEG'
[2026-07-20 22:46:28]   [CEG] page=6 candles=32 more='0' next='0' nrec='32' rsym='DNASCEG'
[2026-07-20 22:46:29]   [CHTR] page=0 candles=120 more='0' next='1' nrec='120' rsym='DNASCHTR'
[2026-07-20 22:46:30]   [CHTR] page=1 candles=120 more='0' next='1' nrec='120' rsym='DNASCHTR'
[2026-07-20 22:46:31]   [CHTR] page=2 candles=120 more='0' next='1' nrec='120' rsym='DNASCHTR'
[2026-07-20 22:46:31]   [CHTR] page=3 candles=120 more='0' next='1' nrec='120' rsym='DNASCHTR'
[2026-07-20 22:46:32]   [CHTR] page=4 candles=115 more='0' next='0' nrec='115' rsym='DNASCHTR'
[2026-07-20 22:46:33]   [CMCSA] page=0 candles=120 more='0' next='1' nrec='120' rsym='DNASCMCSA'
[2026-07-20 22:46:34]   [CMCSA] page=1 candles=120 more='0' next='1' nrec='120' rsym='DNASCMCSA'
[2026-07-20 22:46:35]   [CMCSA] page=2 candles=120 more='0' next='1' nrec='120' rsym='DNASCMCSA'
[2026-07-20 22:46:35] [CMCSA] page=3 attempt=1 요청 예외: 500 Server Error: Internal Server Error for url: https://openapi.koreainvestment.com:9443/uapi/overseas-price/v1/quotations/inquire-time-itemchartprice?AUTH=&EXCD=NAS&SYMB=CMCSA&NMIN=30&PINC=1&NEXT=1&NREC=120&FILL=&KEYB=20260706203000
[2026-07-20 22:46:35] [CMCSA] page=3 attempt=1 실패: 요청 예외
[2026-07-20 22:46:37]   [CMCSA] page=3 candles=120 more='0' next='1' nrec='120' rsym='DNASCMCSA'
[2026-07-20 22:46:38]   [CMCSA] page=4 candles=120 more='0' next='1' nrec='120' rsym='DNASCMCSA'
[2026-07-20 22:46:39]   [CMCSA] page=5 candles=120 more='0' next='1' nrec='120' rsym='DNASCMCSA'
[2026-07-20 22:46:39] [CMCSA] page=6 attempt=1 요청 예외: 500 Server Error: Internal Server Error for url: https://openapi.koreainvestment.com:9443/uapi/overseas-price/v1/quotations/inquire-time-itemchartprice?AUTH=&EXCD=NAS&SYMB=CMCSA&NMIN=30&PINC=1&NEXT=1&NREC=120&FILL=&KEYB=20260622193000
[2026-07-20 22:46:39] [CMCSA] page=6 attempt=1 실패: 요청 예외
[2026-07-20 22:46:41]   [CMCSA] page=6 candles=32 more='0' next='0' nrec='32' rsym='DNASCMCSA'
[2026-07-20 22:46:42]   [COST] page=0 candles=120 more='0' next='1' nrec='120' rsym='DNASCOST'
[2026-07-20 22:46:43]   [COST] page=1 candles=120 more='0' next='1' nrec='120' rsym='DNASCOST'
[2026-07-20 22:46:44]   [COST] page=2 candles=120 more='0' next='1' nrec='120' rsym='DNASCOST'
[2026-07-20 22:46:44]   [COST] page=3 candles=120 more='0' next='1' nrec='120' rsym='DNASCOST'
[2026-07-20 22:46:45]   [COST] page=4 candles=120 more='0' next='1' nrec='120' rsym='DNASCOST'
[2026-07-20 22:46:46]   [COST] page=5 candles=120 more='0' next='1' nrec='120' rsym='DNASCOST'
[2026-07-20 22:46:46]   [COST] page=6 candles=32 more='0' next='0' nrec='32' rsym='DNASCOST'
[2026-07-20 22:46:48]   [CPRT] page=0 candles=120 more='0' next='1' nrec='120' rsym='DNASCPRT'
[2026-07-20 22:46:48] [CPRT] page=1 attempt=1 요청 예외: 500 Server Error: Internal Server Error for url: https://openapi.koreainvestment.com:9443/uapi/overseas-price/v1/quotations/inquire-time-itemchartprice?AUTH=&EXCD=NAS&SYMB=CPRT&NMIN=30&PINC=1&NEXT=1&NREC=120&FILL=&KEYB=20260715000000
[2026-07-20 22:46:48] [CPRT] page=1 attempt=1 실패: 요청 예외
[2026-07-20 22:46:50]   [CPRT] page=1 candles=120 more='0' next='1' nrec='120' rsym='DNASCPRT'
[2026-07-20 22:46:51]   [CPRT] page=2 candles=120 more='0' next='1' nrec='120' rsym='DNASCPRT'
[2026-07-20 22:46:52]   [CPRT] page=3 candles=120 more='0' next='1' nrec='120' rsym='DNASCPRT'
[2026-07-20 22:46:52]   [CPRT] page=4 candles=120 more='0' next='1' nrec='120' rsym='DNASCPRT'
[2026-07-20 22:46:53]   [CPRT] page=5 candles=53 more='0' next='0' nrec='53' rsym='DNASCPRT'
[2026-07-20 22:46:54]   [CRWD] page=0 candles=120 more='0' next='1' nrec='120' rsym='DNASCRWD'
[2026-07-20 22:46:55]   [CRWD] page=1 candles=120 more='0' next='1' nrec='120' rsym='DNASCRWD'
[2026-07-20 22:46:56]   [CRWD] page=2 candles=120 more='0' next='1' nrec='120' rsym='DNASCRWD'
[2026-07-20 22:46:56] [CRWD] page=3 attempt=1 요청 예외: 500 Server Error: Internal Server Error for url: https://openapi.koreainvestment.com:9443/uapi/overseas-price/v1/quotations/inquire-time-itemchartprice?AUTH=&EXCD=NAS&SYMB=CRWD&NMIN=30&PINC=1&NEXT=1&NREC=120&FILL=&KEYB=20260706203000
[2026-07-20 22:46:56] [CRWD] page=3 attempt=1 실패: 요청 예외
[2026-07-20 22:46:58]   [CRWD] page=3 candles=120 more='0' next='1' nrec='120' rsym='DNASCRWD'
[2026-07-20 22:46:59]   [CRWD] page=4 candles=120 more='0' next='1' nrec='120' rsym='DNASCRWD'
[2026-07-20 22:46:59]   [CRWD] page=5 candles=120 more='0' next='1' nrec='120' rsym='DNASCRWD'
[2026-07-20 22:47:00] [CRWD] page=6 attempt=1 요청 예외: 500 Server Error: Internal Server Error for url: https://openapi.koreainvestment.com:9443/uapi/overseas-price/v1/quotations/inquire-time-itemchartprice?AUTH=&EXCD=NAS&SYMB=CRWD&NMIN=30&PINC=1&NEXT=1&NREC=120&FILL=&KEYB=20260622203000
[2026-07-20 22:47:00] [CRWD] page=6 attempt=1 실패: 요청 예외
[2026-07-20 22:47:02]   [CRWD] page=6 candles=32 more='0' next='0' nrec='32' rsym='DNASCRWD'
[2026-07-20 22:47:03]   [CSCO] page=0 candles=120 more='0' next='1' nrec='120' rsym='DNASCSCO'
[2026-07-20 22:47:04]   [CSCO] page=1 candles=120 more='0' next='1' nrec='120' rsym='DNASCSCO'
[2026-07-20 22:47:04]   [CSCO] page=2 candles=120 more='0' next='1' nrec='120' rsym='DNASCSCO'
[2026-07-20 22:47:05] [CSCO] page=3 attempt=1 요청 예외: 500 Server Error: Internal Server Error for url: https://openapi.koreainvestment.com:9443/uapi/overseas-price/v1/quotations/inquire-time-itemchartprice?AUTH=&EXCD=NAS&SYMB=CSCO&NMIN=30&PINC=1&NEXT=1&NREC=120&FILL=&KEYB=20260706203000
[2026-07-20 22:47:05] [CSCO] page=3 attempt=1 실패: 요청 예외
[2026-07-20 22:47:07]   [CSCO] page=3 candles=120 more='0' next='1' nrec='120' rsym='DNASCSCO'
[2026-07-20 22:47:08]   [CSCO] page=4 candles=120 more='0' next='1' nrec='120' rsym='DNASCSCO'
[2026-07-20 22:47:08]   [CSCO] page=5 candles=120 more='0' next='1' nrec='120' rsym='DNASCSCO'
[2026-07-20 22:47:09] [CSCO] page=6 attempt=1 요청 예외: 500 Server Error: Internal Server Error for url: https://openapi.koreainvestment.com:9443/uapi/overseas-price/v1/quotations/inquire-time-itemchartprice?AUTH=&EXCD=NAS&SYMB=CSCO&NMIN=30&PINC=1&NEXT=1&NREC=120&FILL=&KEYB=20260622203000
[2026-07-20 22:47:09] [CSCO] page=6 attempt=1 실패: 요청 예외
[2026-07-20 22:47:11]   [CSCO] page=6 candles=32 more='0' next='0' nrec='32' rsym='DNASCSCO'
[2026-07-20 22:47:12]   [CSGP] page=0 candles=120 more='0' next='1' nrec='120' rsym='DNASCSGP'
[2026-07-20 22:47:13]   [CSGP] page=1 candles=120 more='0' next='1' nrec='120' rsym='DNASCSGP'
[2026-07-20 22:47:13]   [CSGP] page=2 candles=120 more='0' next='1' nrec='120' rsym='DNASCSGP'
[2026-07-20 22:47:14] [CSGP] page=3 attempt=1 요청 예외: 500 Server Error: Internal Server Error for url: https://openapi.koreainvestment.com:9443/uapi/overseas-price/v1/quotations/inquire-time-itemchartprice?AUTH=&EXCD=NAS&SYMB=CSGP&NMIN=30&PINC=1&NEXT=1&NREC=120&FILL=&KEYB=20260701020000
[2026-07-20 22:47:14] [CSGP] page=3 attempt=1 실패: 요청 예외
[2026-07-20 22:47:16]   [CSGP] page=3 candles=120 more='0' next='1' nrec='120' rsym='DNASCSGP'
[2026-07-20 22:47:17]   [CSGP] page=4 candles=76 more='0' next='0' nrec='76' rsym='DNASCSGP'
[2026-07-20 22:47:18]   [CSX] page=0 candles=120 more='0' next='1' nrec='120' rsym='DNASCSX'
[2026-07-20 22:47:18]   [CSX] page=1 candles=120 more='0' next='1' nrec='120' rsym='DNASCSX'
[2026-07-20 22:47:19]   [CSX] page=2 candles=120 more='0' next='1' nrec='120' rsym='DNASCSX'
[2026-07-20 22:47:20]   [CSX] page=3 candles=120 more='0' next='1' nrec='120' rsym='DNASCSX'
[2026-07-20 22:47:21]   [CSX] page=4 candles=110 more='0' next='0' nrec='110' rsym='DNASCSX'
[2026-07-20 22:47:22]   [CTAS] page=0 candles=120 more='0' next='1' nrec='120' rsym='DNASCTAS'
[2026-07-20 22:47:22]   [CTAS] page=1 candles=120 more='0' next='1' nrec='120' rsym='DNASCTAS'
[2026-07-20 22:47:23] [CTAS] page=2 attempt=1 요청 예외: 500 Server Error: Internal Server Error for url: https://openapi.koreainvestment.com:9443/uapi/overseas-price/v1/quotations/inquire-time-itemchartprice?AUTH=&EXCD=NAS&SYMB=CTAS&NMIN=30&PINC=1&NEXT=1&NREC=120&FILL=&KEYB=20260708163000
[2026-07-20 22:47:23] [CTAS] page=2 attempt=1 실패: 요청 예외
[2026-07-20 22:47:25]   [CTAS] page=2 candles=120 more='0' next='1' nrec='120' rsym='DNASCTAS'
[2026-07-20 22:47:26]   [CTAS] page=3 candles=120 more='0' next='1' nrec='120' rsym='DNASCTAS'
[2026-07-20 22:47:26]   [CTAS] page=4 candles=83 more='0' next='0' nrec='83' rsym='DNASCTAS'
[2026-07-20 22:47:27]   [CTSH] page=0 candles=120 more='0' next='1' nrec='120' rsym='DNASCTSH'
[2026-07-20 22:47:28] [CTSH] page=1 attempt=1 요청 예외: 500 Server Error: Internal Server Error for url: https://openapi.koreainvestment.com:9443/uapi/overseas-price/v1/quotations/inquire-time-itemchartprice?AUTH=&EXCD=NAS&SYMB=CTSH&NMIN=30&PINC=1&NEXT=1&NREC=120&FILL=&KEYB=20260714053000
[2026-07-20 22:47:28] [CTSH] page=1 attempt=1 실패: 요청 예외
[2026-07-20 22:47:30]   [CTSH] page=1 candles=120 more='0' next='1' nrec='120' rsym='DNASCTSH'
[2026-07-20 22:47:31]   [CTSH] page=2 candles=120 more='0' next='1' nrec='120' rsym='DNASCTSH'
[2026-07-20 22:47:31]   [CTSH] page=3 candles=120 more='0' next='1' nrec='120' rsym='DNASCTSH'
[2026-07-20 22:47:32]   [CTSH] page=4 candles=118 more='0' next='0' nrec='118' rsym='DNASCTSH'
[2026-07-20 22:47:33]   [DASH] page=0 candles=120 more='0' next='1' nrec='120' rsym='DNASDASH'
[2026-07-20 22:47:34]   [DASH] page=1 candles=120 more='0' next='1' nrec='120' rsym='DNASDASH'
[2026-07-20 22:47:35]   [DASH] page=2 candles=120 more='0' next='1' nrec='120' rsym='DNASDASH'
[2026-07-20 22:47:35]   [DASH] page=3 candles=120 more='0' next='1' nrec='120' rsym='DNASDASH'
[2026-07-20 22:47:36] [DASH] page=4 attempt=1 요청 예외: 500 Server Error: Internal Server Error for url: https://openapi.koreainvestment.com:9443/uapi/overseas-price/v1/quotations/inquire-time-itemchartprice?AUTH=&EXCD=NAS&SYMB=DASH&NMIN=30&PINC=1&NEXT=1&NREC=120&FILL=&KEYB=20260629193000
[2026-07-20 22:47:36] [DASH] page=4 attempt=1 실패: 요청 예외
[2026-07-20 22:47:38]   [DASH] page=4 candles=120 more='0' next='1' nrec='120' rsym='DNASDASH'
[2026-07-20 22:47:39]   [DASH] page=5 candles=92 more='0' next='0' nrec='92' rsym='DNASDASH'
[2026-07-20 22:47:40]   [DDOG] page=0 candles=120 more='0' next='1' nrec='120' rsym='DNASDDOG'
[2026-07-20 22:47:40]   [DDOG] page=1 candles=120 more='0' next='1' nrec='120' rsym='DNASDDOG'
[2026-07-20 22:47:41] [DDOG] page=2 attempt=1 요청 예외: 500 Server Error: Internal Server Error for url: https://openapi.koreainvestment.com:9443/uapi/overseas-price/v1/quotations/inquire-time-itemchartprice?AUTH=&EXCD=NAS&SYMB=DDOG&NMIN=30&PINC=1&NEXT=1&NREC=120&FILL=&KEYB=20260709203000
[2026-07-20 22:47:41] [DDOG] page=2 attempt=1 실패: 요청 예외
[2026-07-20 22:47:43]   [DDOG] page=2 candles=120 more='0' next='1' nrec='120' rsym='DNASDDOG'
[2026-07-20 22:47:44]   [DDOG] page=3 candles=120 more='0' next='1' nrec='120' rsym='DNASDDOG'
[2026-07-20 22:47:44]   [DDOG] page=4 candles=120 more='0' next='1' nrec='120' rsym='DNASDDOG'
[2026-07-20 22:47:45] [DDOG] page=5 attempt=1 요청 예외: 500 Server Error: Internal Server Error for url: https://openapi.koreainvestment.com:9443/uapi/overseas-price/v1/quotations/inquire-time-itemchartprice?AUTH=&EXCD=NAS&SYMB=DDOG&NMIN=30&PINC=1&NEXT=1&NREC=120&FILL=&KEYB=20260625200000
[2026-07-20 22:47:45] [DDOG] page=5 attempt=1 실패: 요청 예외
[2026-07-20 22:47:47]   [DDOG] page=5 candles=120 more='0' next='1' nrec='120' rsym='DNASDDOG'
[2026-07-20 22:47:48]   [DDOG] page=6 candles=32 more='0' next='0' nrec='32' rsym='DNASDDOG'
[2026-07-20 22:47:49]   [DXCM] page=0 candles=120 more='0' next='1' nrec='120' rsym='DNASDXCM'
[2026-07-20 22:47:49]   [DXCM] page=1 candles=120 more='0' next='1' nrec='120' rsym='DNASDXCM'
[2026-07-20 22:47:50]   [DXCM] page=2 candles=120 more='0' next='1' nrec='120' rsym='DNASDXCM'
[2026-07-20 22:47:51]   [DXCM] page=3 candles=120 more='0' next='1' nrec='120' rsym='DNASDXCM'
[2026-07-20 22:47:52]   [DXCM] page=4 candles=83 more='0' next='0' nrec='83' rsym='DNASDXCM'
[2026-07-20 22:47:53]   [EA] page=0 candles=120 more='0' next='1' nrec='120' rsym='DNASEA'
[2026-07-20 22:47:53]   [EA] page=1 candles=120 more='0' next='1' nrec='120' rsym='DNASEA'
[2026-07-20 22:47:54]   [EA] page=2 candles=120 more='0' next='1' nrec='120' rsym='DNASEA'
[2026-07-20 22:47:55]   [EA] page=3 candles=120 more='0' next='1' nrec='120' rsym='DNASEA'
[2026-07-20 22:47:56]   [EA] page=4 candles=86 more='0' next='0' nrec='86' rsym='DNASEA'
[2026-07-20 22:47:57]   [EXC] page=0 candles=120 more='0' next='1' nrec='120' rsym='DNASEXC'
[2026-07-20 22:47:57]   [EXC] page=1 candles=120 more='0' next='1' nrec='120' rsym='DNASEXC'
[2026-07-20 22:47:58] [EXC] page=2 attempt=1 요청 예외: 500 Server Error: Internal Server Error for url: https://openapi.koreainvestment.com:9443/uapi/overseas-price/v1/quotations/inquire-time-itemchartprice?AUTH=&EXCD=NAS&SYMB=EXC&NMIN=30&PINC=1&NEXT=1&NREC=120&FILL=&KEYB=20260707043000
[2026-07-20 22:47:58] [EXC] page=2 attempt=1 실패: 요청 예외
[2026-07-20 22:48:00]   [EXC] page=2 candles=120 more='0' next='1' nrec='120' rsym='DNASEXC'
[2026-07-20 22:48:01]   [EXC] page=3 candles=120 more='0' next='1' nrec='120' rsym='DNASEXC'
[2026-07-20 22:48:01]   [EXC] page=4 candles=51 more='0' next='0' nrec='51' rsym='DNASEXC'
[2026-07-20 22:48:02]   [FANG] page=0 candles=120 more='0' next='1' nrec='120' rsym='DNASFANG'
[2026-07-20 22:48:03]   [FANG] page=1 candles=120 more='0' next='1' nrec='120' rsym='DNASFANG'
[2026-07-20 22:48:04]   [FANG] page=2 candles=120 more='0' next='1' nrec='120' rsym='DNASFANG'
[2026-07-20 22:48:05]   [FANG] page=3 candles=120 more='0' next='1' nrec='120' rsym='DNASFANG'
[2026-07-20 22:48:05]   [FANG] page=4 candles=116 more='0' next='0' nrec='116' rsym='DNASFANG'
[2026-07-20 22:48:06]   [FAST] page=0 candles=120 more='0' next='1' nrec='120' rsym='DNASFAST'
[2026-07-20 22:48:07]   [FAST] page=1 candles=120 more='0' next='1' nrec='120' rsym='DNASFAST'
[2026-07-20 22:48:08]   [FAST] page=2 candles=120 more='0' next='1' nrec='120' rsym='DNASFAST'
[2026-07-20 22:48:09]   [FAST] page=3 candles=120 more='0' next='1' nrec='120' rsym='DNASFAST'
[2026-07-20 22:48:09]   [FAST] page=4 candles=47 more='0' next='0' nrec='47' rsym='DNASFAST'
[2026-07-20 22:48:10]   [FTNT] page=0 candles=120 more='0' next='1' nrec='120' rsym='DNASFTNT'
[2026-07-20 22:48:11]   [FTNT] page=1 candles=120 more='0' next='1' nrec='120' rsym='DNASFTNT'
[2026-07-20 22:48:12]   [FTNT] page=2 candles=120 more='0' next='1' nrec='120' rsym='DNASFTNT'
[2026-07-20 22:48:13]   [FTNT] page=3 candles=120 more='0' next='1' nrec='120' rsym='DNASFTNT'
[2026-07-20 22:48:13]   [FTNT] page=4 candles=120 more='0' next='1' nrec='120' rsym='DNASFTNT'
[2026-07-20 22:48:14] [FTNT] page=5 attempt=1 요청 예외: 500 Server Error: Internal Server Error for url: https://openapi.koreainvestment.com:9443/uapi/overseas-price/v1/quotations/inquire-time-itemchartprice?AUTH=&EXCD=NAS&SYMB=FTNT&NMIN=30&PINC=1&NEXT=1&NREC=120&FILL=&KEYB=20260625203000
[2026-07-20 22:48:14] [FTNT] page=5 attempt=1 실패: 요청 예외
[2026-07-20 22:48:16]   [FTNT] page=5 candles=120 more='0' next='1' nrec='120' rsym='DNASFTNT'
[2026-07-20 22:48:17]   [FTNT] page=6 candles=28 more='0' next='0' nrec='28' rsym='DNASFTNT'
[2026-07-20 22:48:18]   [GEHC] page=0 candles=120 more='0' next='1' nrec='120' rsym='DNASGEHC'
[2026-07-20 22:48:18]   [GEHC] page=1 candles=120 more='0' next='1' nrec='120' rsym='DNASGEHC'
[2026-07-20 22:48:19] [GEHC] page=2 attempt=1 요청 예외: 500 Server Error: Internal Server Error for url: https://openapi.koreainvestment.com:9443/uapi/overseas-price/v1/quotations/inquire-time-itemchartprice?AUTH=&EXCD=NAS&SYMB=GEHC&NMIN=30&PINC=1&NEXT=1&NREC=120&FILL=&KEYB=20260709003000
[2026-07-20 22:48:19] [GEHC] page=2 attempt=1 실패: 요청 예외
[2026-07-20 22:48:21]   [GEHC] page=2 candles=120 more='0' next='1' nrec='120' rsym='DNASGEHC'
[2026-07-20 22:48:22]   [GEHC] page=3 candles=120 more='0' next='1' nrec='120' rsym='DNASGEHC'
[2026-07-20 22:48:22]   [GEHC] page=4 candles=120 more='0' next='0' nrec='120' rsym='DNASGEHC'
[2026-07-20 22:48:23]   [GILD] page=0 candles=120 more='0' next='1' nrec='120' rsym='DNASGILD'
[2026-07-20 22:48:24] [GILD] page=1 attempt=1 요청 예외: 500 Server Error: Internal Server Error for url: https://openapi.koreainvestment.com:9443/uapi/overseas-price/v1/quotations/inquire-time-itemchartprice?AUTH=&EXCD=NAS&SYMB=GILD&NMIN=30&PINC=1&NEXT=1&NREC=120&FILL=&KEYB=20260714080000
[2026-07-20 22:48:24] [GILD] page=1 attempt=1 실패: 요청 예외
[2026-07-20 22:48:26]   [GILD] page=1 candles=120 more='0' next='1' nrec='120' rsym='DNASGILD'
[2026-07-20 22:48:27]   [GILD] page=2 candles=120 more='0' next='1' nrec='120' rsym='DNASGILD'
[2026-07-20 22:48:27]   [GILD] page=3 candles=120 more='0' next='1' nrec='120' rsym='DNASGILD'
[2026-07-20 22:48:28] [GILD] page=4 attempt=1 요청 예외: 500 Server Error: Internal Server Error for url: https://openapi.koreainvestment.com:9443/uapi/overseas-price/v1/quotations/inquire-time-itemchartprice?AUTH=&EXCD=NAS&SYMB=GILD&NMIN=30&PINC=1&NEXT=1&NREC=120&FILL=&KEYB=20260627043000
[2026-07-20 22:48:28] [GILD] page=4 attempt=1 실패: 요청 예외
[2026-07-20 22:48:30]   [GILD] page=4 candles=120 more='0' next='1' nrec='120' rsym='DNASGILD'
[2026-07-20 22:48:31]   [GILD] page=5 candles=32 more='0' next='0' nrec='32' rsym='DNASGILD'
[2026-07-20 22:48:32]   [GOOG] page=0 candles=120 more='0' next='1' nrec='120' rsym='DNASGOOG'
[2026-07-20 22:48:32]   [GOOG] page=1 candles=120 more='0' next='1' nrec='120' rsym='DNASGOOG'
[2026-07-20 22:48:33]   [GOOG] page=2 candles=120 more='0' next='1' nrec='120' rsym='DNASGOOG'
[2026-07-20 22:48:34]   [GOOG] page=3 candles=120 more='0' next='1' nrec='120' rsym='DNASGOOG'
[2026-07-20 22:48:35]   [GOOG] page=4 candles=120 more='0' next='1' nrec='120' rsym='DNASGOOG'
[2026-07-20 22:48:35]   [GOOG] page=5 candles=120 more='0' next='1' nrec='120' rsym='DNASGOOG'
[2026-07-20 22:48:36] [GOOG] page=6 attempt=1 요청 예외: 500 Server Error: Internal Server Error for url: https://openapi.koreainvestment.com:9443/uapi/overseas-price/v1/quotations/inquire-time-itemchartprice?AUTH=&EXCD=NAS&SYMB=GOOG&NMIN=30&PINC=1&NEXT=1&NREC=120&FILL=&KEYB=20260622203000
[2026-07-20 22:48:36] [GOOG] page=6 attempt=1 실패: 요청 예외
[2026-07-20 22:48:38]   [GOOG] page=6 candles=32 more='0' next='0' nrec='32' rsym='DNASGOOG'
[2026-07-20 22:48:39]   [GOOGL] page=0 candles=120 more='0' next='1' nrec='120' rsym='DNASGOOGL'
[2026-07-20 22:48:40]   [GOOGL] page=1 candles=120 more='0' next='1' nrec='120' rsym='DNASGOOGL'
[2026-07-20 22:48:40]   [GOOGL] page=2 candles=120 more='0' next='1' nrec='120' rsym='DNASGOOGL'
[2026-07-20 22:48:41] [GOOGL] page=3 attempt=1 요청 예외: 500 Server Error: Internal Server Error for url: https://openapi.koreainvestment.com:9443/uapi/overseas-price/v1/quotations/inquire-time-itemchartprice?AUTH=&EXCD=NAS&SYMB=GOOGL&NMIN=30&PINC=1&NEXT=1&NREC=120&FILL=&KEYB=20260706203000
[2026-07-20 22:48:41] [GOOGL] page=3 attempt=1 실패: 요청 예외
[2026-07-20 22:48:43]   [GOOGL] page=3 candles=120 more='0' next='1' nrec='120' rsym='DNASGOOGL'
[2026-07-20 22:48:44]   [GOOGL] page=4 candles=120 more='0' next='1' nrec='120' rsym='DNASGOOGL'
[2026-07-20 22:48:44]   [GOOGL] page=5 candles=120 more='0' next='1' nrec='120' rsym='DNASGOOGL'
[2026-07-20 22:48:45] [GOOGL] page=6 attempt=1 요청 예외: 500 Server Error: Internal Server Error for url: https://openapi.koreainvestment.com:9443/uapi/overseas-price/v1/quotations/inquire-time-itemchartprice?AUTH=&EXCD=NAS&SYMB=GOOGL&NMIN=30&PINC=1&NEXT=1&NREC=120&FILL=&KEYB=20260622203000
[2026-07-20 22:48:45] [GOOGL] page=6 attempt=1 실패: 요청 예외
[2026-07-20 22:48:47]   [GOOGL] page=6 candles=32 more='0' next='0' nrec='32' rsym='DNASGOOGL'
[2026-07-20 22:48:48]   [HON] page=0 candles=120 more='0' next='1' nrec='120' rsym='DNASHON'
[2026-07-20 22:48:49]   [HON] page=1 candles=120 more='0' next='1' nrec='120' rsym='DNASHON'
[2026-07-20 22:48:49]   [HON] page=2 candles=120 more='0' next='1' nrec='120' rsym='DNASHON'
[2026-07-20 22:48:50] [HON] page=3 attempt=1 요청 예외: 500 Server Error: Internal Server Error for url: https://openapi.koreainvestment.com:9443/uapi/overseas-price/v1/quotations/inquire-time-itemchartprice?AUTH=&EXCD=NAS&SYMB=HON&NMIN=30&PINC=1&NEXT=1&NREC=120&FILL=&KEYB=20260702220000
[2026-07-20 22:48:50] [HON] page=3 attempt=1 실패: 요청 예외
[2026-07-20 22:48:52]   [HON] page=3 candles=120 more='0' next='1' nrec='120' rsym='DNASHON'
[2026-07-20 22:48:53]   [HON] page=4 candles=120 more='0' next='1' nrec='120' rsym='DNASHON'
[2026-07-20 22:48:53]   [HON] page=5 candles=64 more='0' next='0' nrec='64' rsym='DNASHON'
[2026-07-20 22:48:54]   [IDXX] page=0 candles=120 more='0' next='1' nrec='120' rsym='DNASIDXX'
[2026-07-20 22:48:55]   [IDXX] page=1 candles=120 more='0' next='1' nrec='120' rsym='DNASIDXX'
[2026-07-20 22:48:56]   [IDXX] page=2 candles=120 more='0' next='1' nrec='120' rsym='DNASIDXX'
[2026-07-20 22:48:57]   [IDXX] page=3 candles=67 more='0' next='0' nrec='67' rsym='DNASIDXX'
[2026-07-20 22:48:58]   [INSM] page=0 candles=120 more='0' next='1' nrec='120' rsym='DNASINSM'
[2026-07-20 22:48:58]   [INSM] page=1 candles=120 more='0' next='1' nrec='120' rsym='DNASINSM'
[2026-07-20 22:48:59]   [INSM] page=2 candles=120 more='0' next='1' nrec='120' rsym='DNASINSM'
[2026-07-20 22:49:00]   [INSM] page=3 candles=120 more='0' next='1' nrec='120' rsym='DNASINSM'
[2026-07-20 22:49:01]   [INSM] page=4 candles=50 more='0' next='0' nrec='50' rsym='DNASINSM'
[2026-07-20 22:49:02]   [INTC] page=0 candles=120 more='0' next='1' nrec='120' rsym='DNASINTC'
[2026-07-20 22:49:02]   [INTC] page=1 candles=120 more='0' next='1' nrec='120' rsym='DNASINTC'
[2026-07-20 22:49:03]   [INTC] page=2 candles=120 more='0' next='1' nrec='120' rsym='DNASINTC'
[2026-07-20 22:49:04]   [INTC] page=3 candles=120 more='0' next='1' nrec='120' rsym='DNASINTC'
[2026-07-20 22:49:05]   [INTC] page=4 candles=120 more='0' next='1' nrec='120' rsym='DNASINTC'
[2026-07-20 22:49:05]   [INTC] page=5 candles=120 more='0' next='1' nrec='120' rsym='DNASINTC'
[2026-07-20 22:49:06] [INTC] page=6 attempt=1 요청 예외: 500 Server Error: Internal Server Error for url: https://openapi.koreainvestment.com:9443/uapi/overseas-price/v1/quotations/inquire-time-itemchartprice?AUTH=&EXCD=NAS&SYMB=INTC&NMIN=30&PINC=1&NEXT=1&NREC=120&FILL=&KEYB=20260622203000
[2026-07-20 22:49:06] [INTC] page=6 attempt=1 실패: 요청 예외
[2026-07-20 22:49:08]   [INTC] page=6 candles=32 more='0' next='0' nrec='32' rsym='DNASINTC'
[2026-07-20 22:49:09]   [INTU] page=0 candles=120 more='0' next='1' nrec='120' rsym='DNASINTU'
[2026-07-20 22:49:10]   [INTU] page=1 candles=120 more='0' next='1' nrec='120' rsym='DNASINTU'
[2026-07-20 22:49:10]   [INTU] page=2 candles=120 more='0' next='1' nrec='120' rsym='DNASINTU'
[2026-07-20 22:49:11] [INTU] page=3 attempt=1 요청 예외: 500 Server Error: Internal Server Error for url: https://openapi.koreainvestment.com:9443/uapi/overseas-price/v1/quotations/inquire-time-itemchartprice?AUTH=&EXCD=NAS&SYMB=INTU&NMIN=30&PINC=1&NEXT=1&NREC=120&FILL=&KEYB=20260706203000
[2026-07-20 22:49:11] [INTU] page=3 attempt=1 실패: 요청 예외
[2026-07-20 22:49:13]   [INTU] page=3 candles=120 more='0' next='1' nrec='120' rsym='DNASINTU'
[2026-07-20 22:49:14]   [INTU] page=4 candles=120 more='0' next='1' nrec='120' rsym='DNASINTU'
[2026-07-20 22:49:14]   [INTU] page=5 candles=120 more='0' next='1' nrec='120' rsym='DNASINTU'
[2026-07-20 22:49:15] [INTU] page=6 attempt=1 요청 예외: 500 Server Error: Internal Server Error for url: https://openapi.koreainvestment.com:9443/uapi/overseas-price/v1/quotations/inquire-time-itemchartprice?AUTH=&EXCD=NAS&SYMB=INTU&NMIN=30&PINC=1&NEXT=1&NREC=120&FILL=&KEYB=20260622203000
[2026-07-20 22:49:15] [INTU] page=6 attempt=1 실패: 요청 예외
[2026-07-20 22:49:17]   [INTU] page=6 candles=32 more='0' next='0' nrec='32' rsym='DNASINTU'
[2026-07-20 22:49:18]   [ISRG] page=0 candles=120 more='0' next='1' nrec='120' rsym='DNASISRG'
[2026-07-20 22:49:19]   [ISRG] page=1 candles=120 more='0' next='1' nrec='120' rsym='DNASISRG'
[2026-07-20 22:49:19]   [ISRG] page=2 candles=120 more='0' next='1' nrec='120' rsym='DNASISRG'
[2026-07-20 22:49:20]   [ISRG] page=3 candles=120 more='0' next='1' nrec='120' rsym='DNASISRG'
[2026-07-20 22:49:21]   [ISRG] page=4 candles=120 more='0' next='1' nrec='120' rsym='DNASISRG'
[2026-07-20 22:49:22]   [ISRG] page=5 candles=120 more='0' next='1' nrec='120' rsym='DNASISRG'
[2026-07-20 22:49:22]   [ISRG] page=6 candles=32 more='0' next='0' nrec='32' rsym='DNASISRG'
[2026-07-20 22:49:23]   [KDP] page=0 candles=120 more='0' next='1' nrec='120' rsym='DNASKDP'
[2026-07-20 22:49:24] [KDP] page=1 attempt=1 요청 예외: 500 Server Error: Internal Server Error for url: https://openapi.koreainvestment.com:9443/uapi/overseas-price/v1/quotations/inquire-time-itemchartprice?AUTH=&EXCD=NAS&SYMB=KDP&NMIN=30&PINC=1&NEXT=1&NREC=120&FILL=&KEYB=20260714060000
[2026-07-20 22:49:24] [KDP] page=1 attempt=1 실패: 요청 예외
[2026-07-20 22:49:26]   [KDP] page=1 candles=120 more='0' next='1' nrec='120' rsym='DNASKDP'
[2026-07-20 22:49:27]   [KDP] page=2 candles=120 more='0' next='1' nrec='120' rsym='DNASKDP'
[2026-07-20 22:49:27] [KDP] page=3 attempt=1 요청 예외: 500 Server Error: Internal Server Error for url: https://openapi.koreainvestment.com:9443/uapi/overseas-price/v1/quotations/inquire-time-itemchartprice?AUTH=&EXCD=NAS&SYMB=KDP&NMIN=30&PINC=1&NEXT=1&NREC=120&FILL=&KEYB=20260701060000
[2026-07-20 22:49:27] [KDP] page=3 attempt=1 실패: 요청 예외
[2026-07-20 22:49:29]   [KDP] page=3 candles=120 more='0' next='1' nrec='120' rsym='DNASKDP'
[2026-07-20 22:49:30]   [KDP] page=4 candles=107 more='0' next='0' nrec='107' rsym='DNASKDP'
[2026-07-20 22:49:31]   [KHC] page=0 candles=120 more='0' next='1' nrec='120' rsym='DNASKHC'
[2026-07-20 22:49:32]   [KHC] page=1 candles=120 more='0' next='1' nrec='120' rsym='DNASKHC'
[2026-07-20 22:49:32]   [KHC] page=2 candles=120 more='0' next='1' nrec='120' rsym='DNASKHC'
[2026-07-20 22:49:33]   [KHC] page=3 candles=120 more='0' next='1' nrec='120' rsym='DNASKHC'
[2026-07-20 22:49:34]   [KHC] page=4 candles=120 more='0' next='1' nrec='120' rsym='DNASKHC'
[2026-07-20 22:49:35]   [KHC] page=5 candles=120 more='0' next='1' nrec='120' rsym='DNASKHC'
[2026-07-20 22:49:35] [KHC] page=6 attempt=1 요청 예외: 500 Server Error: Internal Server Error for url: https://openapi.koreainvestment.com:9443/uapi/overseas-price/v1/quotations/inquire-time-itemchartprice?AUTH=&EXCD=NAS&SYMB=KHC&NMIN=30&PINC=1&NEXT=1&NREC=120&FILL=&KEYB=20260622203000
[2026-07-20 22:49:35] [KHC] page=6 attempt=1 실패: 요청 예외
[2026-07-20 22:49:37]   [KHC] page=6 candles=32 more='0' next='0' nrec='32' rsym='DNASKHC'
[2026-07-20 22:49:38]   [KLAC] page=0 candles=120 more='0' next='1' nrec='120' rsym='DNASKLAC'
[2026-07-20 22:49:39]   [KLAC] page=1 candles=120 more='0' next='1' nrec='120' rsym='DNASKLAC'
[2026-07-20 22:49:40]   [KLAC] page=2 candles=120 more='0' next='1' nrec='120' rsym='DNASKLAC'
[2026-07-20 22:49:40] [KLAC] page=3 attempt=1 요청 예외: 500 Server Error: Internal Server Error for url: https://openapi.koreainvestment.com:9443/uapi/overseas-price/v1/quotations/inquire-time-itemchartprice?AUTH=&EXCD=NAS&SYMB=KLAC&NMIN=30&PINC=1&NEXT=1&NREC=120&FILL=&KEYB=20260706203000
[2026-07-20 22:49:40] [KLAC] page=3 attempt=1 실패: 요청 예외
[2026-07-20 22:49:42]   [KLAC] page=3 candles=120 more='0' next='1' nrec='120' rsym='DNASKLAC'
[2026-07-20 22:49:43]   [KLAC] page=4 candles=120 more='0' next='1' nrec='120' rsym='DNASKLAC'
[2026-07-20 22:49:44]   [KLAC] page=5 candles=120 more='0' next='1' nrec='120' rsym='DNASKLAC'
[2026-07-20 22:49:44] [KLAC] page=6 attempt=1 요청 예외: 500 Server Error: Internal Server Error for url: https://openapi.koreainvestment.com:9443/uapi/overseas-price/v1/quotations/inquire-time-itemchartprice?AUTH=&EXCD=NAS&SYMB=KLAC&NMIN=30&PINC=1&NEXT=1&NREC=120&FILL=&KEYB=20260622203000
[2026-07-20 22:49:44] [KLAC] page=6 attempt=1 실패: 요청 예외
[2026-07-20 22:49:46]   [KLAC] page=6 candles=32 more='0' next='0' nrec='32' rsym='DNASKLAC'
[2026-07-20 22:49:47]   [LRCX] page=0 candles=120 more='0' next='1' nrec='120' rsym='DNASLRCX'
[2026-07-20 22:49:48]   [LRCX] page=1 candles=120 more='0' next='1' nrec='120' rsym='DNASLRCX'
[2026-07-20 22:49:49]   [LRCX] page=2 candles=120 more='0' next='1' nrec='120' rsym='DNASLRCX'
[2026-07-20 22:49:49] [LRCX] page=3 attempt=1 요청 예외: 500 Server Error: Internal Server Error for url: https://openapi.koreainvestment.com:9443/uapi/overseas-price/v1/quotations/inquire-time-itemchartprice?AUTH=&EXCD=NAS&SYMB=LRCX&NMIN=30&PINC=1&NEXT=1&NREC=120&FILL=&KEYB=20260706203000
[2026-07-20 22:49:49] [LRCX] page=3 attempt=1 실패: 요청 예외
[2026-07-20 22:49:51]   [LRCX] page=3 candles=120 more='0' next='1' nrec='120' rsym='DNASLRCX'
[2026-07-20 22:49:52]   [LRCX] page=4 candles=120 more='0' next='1' nrec='120' rsym='DNASLRCX'
[2026-07-20 22:49:52]   [LRCX] page=5 candles=120 more='0' next='1' nrec='120' rsym='DNASLRCX'
[2026-07-20 22:49:53] [LRCX] page=6 attempt=1 요청 예외: 500 Server Error: Internal Server Error for url: https://openapi.koreainvestment.com:9443/uapi/overseas-price/v1/quotations/inquire-time-itemchartprice?AUTH=&EXCD=NAS&SYMB=LRCX&NMIN=30&PINC=1&NEXT=1&NREC=120&FILL=&KEYB=20260622203000
[2026-07-20 22:49:53] [LRCX] page=6 attempt=1 실패: 요청 예외
[2026-07-20 22:49:55]   [LRCX] page=6 candles=32 more='0' next='0' nrec='32' rsym='DNASLRCX'
[2026-07-20 22:49:56]   [MAR] page=0 candles=120 more='0' next='1' nrec='120' rsym='DNASMAR'
[2026-07-20 22:49:57]   [MAR] page=1 candles=120 more='0' next='1' nrec='120' rsym='DNASMAR'
[2026-07-20 22:49:57]   [MAR] page=2 candles=120 more='0' next='1' nrec='120' rsym='DNASMAR'
[2026-07-20 22:49:58] [MAR] page=3 attempt=1 요청 예외: 500 Server Error: Internal Server Error for url: https://openapi.koreainvestment.com:9443/uapi/overseas-price/v1/quotations/inquire-time-itemchartprice?AUTH=&EXCD=NAS&SYMB=MAR&NMIN=30&PINC=1&NEXT=1&NREC=120&FILL=&KEYB=20260701010000
[2026-07-20 22:49:58] [MAR] page=3 attempt=1 실패: 요청 예외
[2026-07-20 22:50:00]   [MAR] page=3 candles=120 more='0' next='1' nrec='120' rsym='DNASMAR'
[2026-07-20 22:50:01]   [MAR] page=4 candles=84 more='0' next='0' nrec='84' rsym='DNASMAR'
[2026-07-20 22:50:02]   [MCHP] page=0 candles=120 more='0' next='1' nrec='120' rsym='DNASMCHP'
[2026-07-20 22:50:03]   [MCHP] page=1 candles=120 more='0' next='1' nrec='120' rsym='DNASMCHP'
[2026-07-20 22:50:03] [MCHP] page=2 attempt=1 요청 예외: 500 Server Error: Internal Server Error for url: https://openapi.koreainvestment.com:9443/uapi/overseas-price/v1/quotations/inquire-time-itemchartprice?AUTH=&EXCD=NAS&SYMB=MCHP&NMIN=30&PINC=1&NEXT=1&NREC=120&FILL=&KEYB=20260709183000
[2026-07-20 22:50:03] [MCHP] page=2 attempt=1 실패: 요청 예외
[2026-07-20 22:50:05]   [MCHP] page=2 candles=120 more='0' next='1' nrec='120' rsym='DNASMCHP'
[2026-07-20 22:50:06]   [MCHP] page=3 candles=120 more='0' next='1' nrec='120' rsym='DNASMCHP'
[2026-07-20 22:50:06]   [MCHP] page=4 candles=120 more='0' next='1' nrec='120' rsym='DNASMCHP'
[2026-07-20 22:50:07] [MCHP] page=5 attempt=1 요청 예외: 500 Server Error: Internal Server Error for url: https://openapi.koreainvestment.com:9443/uapi/overseas-price/v1/quotations/inquire-time-itemchartprice?AUTH=&EXCD=NAS&SYMB=MCHP&NMIN=30&PINC=1&NEXT=1&NREC=120&FILL=&KEYB=20260625000000
[2026-07-20 22:50:07] [MCHP] page=5 attempt=1 실패: 요청 예외
[2026-07-20 22:50:09]   [MCHP] page=5 candles=96 more='0' next='0' nrec='96' rsym='DNASMCHP'
[2026-07-20 22:50:10]   [MDLZ] page=0 candles=120 more='0' next='1' nrec='120' rsym='DNASMDLZ'
[2026-07-20 22:50:11]   [MDLZ] page=1 candles=120 more='0' next='1' nrec='120' rsym='DNASMDLZ'
[2026-07-20 22:50:12]   [MDLZ] page=2 candles=120 more='0' next='1' nrec='120' rsym='DNASMDLZ'
[2026-07-20 22:50:12] [MDLZ] page=3 attempt=1 요청 예외: 500 Server Error: Internal Server Error for url: https://openapi.koreainvestment.com:9443/uapi/overseas-price/v1/quotations/inquire-time-itemchartprice?AUTH=&EXCD=NAS&SYMB=MDLZ&NMIN=30&PINC=1&NEXT=1&NREC=120&FILL=&KEYB=20260701003000
[2026-07-20 22:50:12] [MDLZ] page=3 attempt=1 실패: 요청 예외
[2026-07-20 22:50:14]   [MDLZ] page=3 candles=120 more='0' next='1' nrec='120' rsym='DNASMDLZ'
[2026-07-20 22:50:15]   [MDLZ] page=4 candles=80 more='0' next='0' nrec='80' rsym='DNASMDLZ'
[2026-07-20 22:50:16]   [MELI] page=0 candles=120 more='0' next='1' nrec='120' rsym='DNASMELI'
[2026-07-20 22:50:17]   [MELI] page=1 candles=120 more='0' next='1' nrec='120' rsym='DNASMELI'
[2026-07-20 22:50:17] [MELI] page=2 attempt=1 요청 예외: 500 Server Error: Internal Server Error for url: https://openapi.koreainvestment.com:9443/uapi/overseas-price/v1/quotations/inquire-time-itemchartprice?AUTH=&EXCD=NAS&SYMB=MELI&NMIN=30&PINC=1&NEXT=1&NREC=120&FILL=&KEYB=20260709200000
[2026-07-20 22:50:17] [MELI] page=2 attempt=1 실패: 요청 예외
[2026-07-20 22:50:19]   [MELI] page=2 candles=120 more='0' next='1' nrec='120' rsym='DNASMELI'
[2026-07-20 22:50:20]   [MELI] page=3 candles=120 more='0' next='1' nrec='120' rsym='DNASMELI'
[2026-07-20 22:50:20]   [MELI] page=4 candles=120 more='0' next='1' nrec='120' rsym='DNASMELI'
[2026-07-20 22:50:21] [MELI] page=5 attempt=1 요청 예외: 500 Server Error: Internal Server Error for url: https://openapi.koreainvestment.com:9443/uapi/overseas-price/v1/quotations/inquire-time-itemchartprice?AUTH=&EXCD=NAS&SYMB=MELI&NMIN=30&PINC=1&NEXT=1&NREC=120&FILL=&KEYB=20260625203000
[2026-07-20 22:50:21] [MELI] page=5 attempt=1 실패: 요청 예외
[2026-07-20 22:50:23]   [MELI] page=5 candles=120 more='0' next='1' nrec='120' rsym='DNASMELI'
[2026-07-20 22:50:24]   [MELI] page=6 candles=32 more='0' next='0' nrec='32' rsym='DNASMELI'
[2026-07-20 22:50:25]   [META] page=0 candles=120 more='0' next='1' nrec='120' rsym='DNASMETA'
[2026-07-20 22:50:25]   [META] page=1 candles=120 more='0' next='1' nrec='120' rsym='DNASMETA'
[2026-07-20 22:50:26] [META] page=2 attempt=1 요청 예외: 500 Server Error: Internal Server Error for url: https://openapi.koreainvestment.com:9443/uapi/overseas-price/v1/quotations/inquire-time-itemchartprice?AUTH=&EXCD=NAS&SYMB=META&NMIN=30&PINC=1&NEXT=1&NREC=120&FILL=&KEYB=20260709203000
[2026-07-20 22:50:26] [META] page=2 attempt=1 실패: 요청 예외
[2026-07-20 22:50:28]   [META] page=2 candles=120 more='0' next='1' nrec='120' rsym='DNASMETA'
[2026-07-20 22:50:29]   [META] page=3 candles=120 more='0' next='1' nrec='120' rsym='DNASMETA'
[2026-07-20 22:50:29]   [META] page=4 candles=120 more='0' next='1' nrec='120' rsym='DNASMETA'
[2026-07-20 22:50:30] [META] page=5 attempt=1 요청 예외: 500 Server Error: Internal Server Error for url: https://openapi.koreainvestment.com:9443/uapi/overseas-price/v1/quotations/inquire-time-itemchartprice?AUTH=&EXCD=NAS&SYMB=META&NMIN=30&PINC=1&NEXT=1&NREC=120&FILL=&KEYB=20260625203000
[2026-07-20 22:50:30] [META] page=5 attempt=1 실패: 요청 예외
[2026-07-20 22:50:32]   [META] page=5 candles=120 more='0' next='1' nrec='120' rsym='DNASMETA'
[2026-07-20 22:50:33]   [META] page=6 candles=32 more='0' next='0' nrec='32' rsym='DNASMETA'
[2026-07-20 22:50:34]   [MNST] page=0 candles=120 more='0' next='1' nrec='120' rsym='DNASMNST'
[2026-07-20 22:50:34]   [MNST] page=1 candles=120 more='0' next='1' nrec='120' rsym='DNASMNST'
[2026-07-20 22:50:35] [MNST] page=2 attempt=1 요청 예외: 500 Server Error: Internal Server Error for url: https://openapi.koreainvestment.com:9443/uapi/overseas-price/v1/quotations/inquire-time-itemchartprice?AUTH=&EXCD=NAS&SYMB=MNST&NMIN=30&PINC=1&NEXT=1&NREC=120&FILL=&KEYB=20260709180000
[2026-07-20 22:50:35] [MNST] page=2 attempt=1 실패: 요청 예외
[2026-07-20 22:50:37]   [MNST] page=2 candles=120 more='0' next='1' nrec='120' rsym='DNASMNST'
[2026-07-20 22:50:38]   [MNST] page=3 candles=120 more='0' next='1' nrec='120' rsym='DNASMNST'
[2026-07-20 22:50:38]   [MNST] page=4 candles=120 more='0' next='1' nrec='120' rsym='DNASMNST'
[2026-07-20 22:50:39]   [MNST] page=5 candles=56 more='0' next='0' nrec='56' rsym='DNASMNST'
[2026-07-20 22:50:40]   [MPWR] page=0 candles=120 more='0' next='1' nrec='120' rsym='DNASMPWR'
[2026-07-20 22:50:41]   [MPWR] page=1 candles=120 more='0' next='1' nrec='120' rsym='DNASMPWR'
[2026-07-20 22:50:42]   [MPWR] page=2 candles=120 more='0' next='1' nrec='120' rsym='DNASMPWR'
[2026-07-20 22:50:42]   [MPWR] page=3 candles=120 more='0' next='1' nrec='120' rsym='DNASMPWR'
[2026-07-20 22:50:43] [MPWR] page=4 attempt=1 요청 예외: 500 Server Error: Internal Server Error for url: https://openapi.koreainvestment.com:9443/uapi/overseas-price/v1/quotations/inquire-time-itemchartprice?AUTH=&EXCD=NAS&SYMB=MPWR&NMIN=30&PINC=1&NEXT=1&NREC=120&FILL=&KEYB=20260629183000
[2026-07-20 22:50:43] [MPWR] page=4 attempt=1 실패: 요청 예외
[2026-07-20 22:50:45]   [MPWR] page=4 candles=120 more='0' next='1' nrec='120' rsym='DNASMPWR'
[2026-07-20 22:50:46]   [MPWR] page=5 candles=92 more='0' next='0' nrec='92' rsym='DNASMPWR'
[2026-07-20 22:50:47]   [MRVL] page=0 candles=120 more='0' next='1' nrec='120' rsym='DNASMRVL'
[2026-07-20 22:50:47]   [MRVL] page=1 candles=120 more='0' next='1' nrec='120' rsym='DNASMRVL'
[2026-07-20 22:50:48]   [MRVL] page=2 candles=120 more='0' next='1' nrec='120' rsym='DNASMRVL'
[2026-07-20 22:50:49]   [MRVL] page=3 candles=120 more='0' next='1' nrec='120' rsym='DNASMRVL'
[2026-07-20 22:50:50]   [MRVL] page=4 candles=120 more='0' next='1' nrec='120' rsym='DNASMRVL'
[2026-07-20 22:50:50]   [MRVL] page=5 candles=120 more='0' next='1' nrec='120' rsym='DNASMRVL'
[2026-07-20 22:50:51] [MRVL] page=6 attempt=1 요청 예외: 500 Server Error: Internal Server Error for url: https://openapi.koreainvestment.com:9443/uapi/overseas-price/v1/quotations/inquire-time-itemchartprice?AUTH=&EXCD=NAS&SYMB=MRVL&NMIN=30&PINC=1&NEXT=1&NREC=120&FILL=&KEYB=20260622203000
[2026-07-20 22:50:51] [MRVL] page=6 attempt=1 실패: 요청 예외
[2026-07-20 22:50:53]   [MRVL] page=6 candles=32 more='0' next='0' nrec='32' rsym='DNASMRVL'
[2026-07-20 22:50:54]   [MSFT] page=0 candles=120 more='0' next='1' nrec='120' rsym='DNASMSFT'
[2026-07-20 22:50:55]   [MSFT] page=1 candles=120 more='0' next='1' nrec='120' rsym='DNASMSFT'
[2026-07-20 22:50:55]   [MSFT] page=2 candles=120 more='0' next='1' nrec='120' rsym='DNASMSFT'
[2026-07-20 22:50:56]   [MSFT] page=3 candles=120 more='0' next='1' nrec='120' rsym='DNASMSFT'
[2026-07-20 22:50:57]   [MSFT] page=4 candles=120 more='0' next='1' nrec='120' rsym='DNASMSFT'
[2026-07-20 22:50:58]   [MSFT] page=5 candles=120 more='0' next='1' nrec='120' rsym='DNASMSFT'
[2026-07-20 22:50:58]   [MSFT] page=6 candles=32 more='0' next='0' nrec='32' rsym='DNASMSFT'
[2026-07-20 22:50:59]   [MSTR] page=0 candles=120 more='0' next='1' nrec='120' rsym='DNASMSTR'
[2026-07-20 22:51:00] [MSTR] page=1 attempt=1 요청 예외: 500 Server Error: Internal Server Error for url: https://openapi.koreainvestment.com:9443/uapi/overseas-price/v1/quotations/inquire-time-itemchartprice?AUTH=&EXCD=NAS&SYMB=MSTR&NMIN=30&PINC=1&NEXT=1&NREC=120&FILL=&KEYB=20260715023000
[2026-07-20 22:51:00] [MSTR] page=1 attempt=1 실패: 요청 예외
[2026-07-20 22:51:02]   [MSTR] page=1 candles=120 more='0' next='1' nrec='120' rsym='DNASMSTR'
[2026-07-20 22:51:03]   [MSTR] page=2 candles=120 more='0' next='1' nrec='120' rsym='DNASMSTR'
[2026-07-20 22:51:03]   [MSTR] page=3 candles=120 more='0' next='1' nrec='120' rsym='DNASMSTR'
[2026-07-20 22:51:04]   [MSTR] page=4 candles=120 more='0' next='1' nrec='120' rsym='DNASMSTR'
[2026-07-20 22:51:05]   [MSTR] page=5 candles=120 more='0' next='1' nrec='120' rsym='DNASMSTR'
[2026-07-20 22:51:06]   [MSTR] page=6 candles=32 more='0' next='0' nrec='32' rsym='DNASMSTR'
[2026-07-20 22:51:07]   [MU] page=0 candles=120 more='0' next='1' nrec='120' rsym='DNASMU'
[2026-07-20 22:51:07]   [MU] page=1 candles=120 more='0' next='1' nrec='120' rsym='DNASMU'
[2026-07-20 22:51:08] [MU] page=2 attempt=1 요청 예외: 500 Server Error: Internal Server Error for url: https://openapi.koreainvestment.com:9443/uapi/overseas-price/v1/quotations/inquire-time-itemchartprice?AUTH=&EXCD=NAS&SYMB=MU&NMIN=30&PINC=1&NEXT=1&NREC=120&FILL=&KEYB=20260709203000
[2026-07-20 22:51:08] [MU] page=2 attempt=1 실패: 요청 예외
[2026-07-20 22:51:10]   [MU] page=2 candles=120 more='0' next='1' nrec='120' rsym='DNASMU'
[2026-07-20 22:51:11]   [MU] page=3 candles=120 more='0' next='1' nrec='120' rsym='DNASMU'
[2026-07-20 22:51:11]   [MU] page=4 candles=120 more='0' next='1' nrec='120' rsym='DNASMU'
[2026-07-20 22:51:12] [MU] page=5 attempt=1 요청 예외: 500 Server Error: Internal Server Error for url: https://openapi.koreainvestment.com:9443/uapi/overseas-price/v1/quotations/inquire-time-itemchartprice?AUTH=&EXCD=NAS&SYMB=MU&NMIN=30&PINC=1&NEXT=1&NREC=120&FILL=&KEYB=20260625203000
[2026-07-20 22:51:12] [MU] page=5 attempt=1 실패: 요청 예외
[2026-07-20 22:51:14]   [MU] page=5 candles=120 more='0' next='1' nrec='120' rsym='DNASMU'
[2026-07-20 22:51:15]   [MU] page=6 candles=32 more='0' next='0' nrec='32' rsym='DNASMU'
[2026-07-20 22:51:16]   [NFLX] page=0 candles=120 more='0' next='1' nrec='120' rsym='DNASNFLX'
[2026-07-20 22:51:16]   [NFLX] page=1 candles=120 more='0' next='1' nrec='120' rsym='DNASNFLX'
[2026-07-20 22:51:17]   [NFLX] page=2 candles=120 more='0' next='1' nrec='120' rsym='DNASNFLX'
[2026-07-20 22:51:18]   [NFLX] page=3 candles=120 more='0' next='1' nrec='120' rsym='DNASNFLX'
[2026-07-20 22:51:19]   [NFLX] page=4 candles=120 more='0' next='1' nrec='120' rsym='DNASNFLX'
[2026-07-20 22:51:19]   [NFLX] page=5 candles=120 more='0' next='1' nrec='120' rsym='DNASNFLX'
[2026-07-20 22:51:20] [NFLX] page=6 attempt=1 요청 예외: 500 Server Error: Internal Server Error for url: https://openapi.koreainvestment.com:9443/uapi/overseas-price/v1/quotations/inquire-time-itemchartprice?AUTH=&EXCD=NAS&SYMB=NFLX&NMIN=30&PINC=1&NEXT=1&NREC=120&FILL=&KEYB=20260622203000
[2026-07-20 22:51:20] [NFLX] page=6 attempt=1 실패: 요청 예외
[2026-07-20 22:51:22]   [NFLX] page=6 candles=32 more='0' next='0' nrec='32' rsym='DNASNFLX'
[2026-07-20 22:51:23]   [NVDA] page=0 candles=120 more='0' next='1' nrec='120' rsym='DNASNVDA'
[2026-07-20 22:51:24]   [NVDA] page=1 candles=120 more='0' next='1' nrec='120' rsym='DNASNVDA'
[2026-07-20 22:51:24]   [NVDA] page=2 candles=120 more='0' next='1' nrec='120' rsym='DNASNVDA'
[2026-07-20 22:51:25]   [NVDA] page=3 candles=120 more='0' next='1' nrec='120' rsym='DNASNVDA'
[2026-07-20 22:51:26]   [NVDA] page=4 candles=120 more='0' next='1' nrec='120' rsym='DNASNVDA'
[2026-07-20 22:51:27]   [NVDA] page=5 candles=120 more='0' next='1' nrec='120' rsym='DNASNVDA'
[2026-07-20 22:51:27]   [NVDA] page=6 candles=32 more='0' next='0' nrec='32' rsym='DNASNVDA'
[2026-07-20 22:51:28]   [NXPI] page=0 candles=120 more='0' next='1' nrec='120' rsym='DNASNXPI'
[2026-07-20 22:51:29] [NXPI] page=1 attempt=1 요청 예외: 500 Server Error: Internal Server Error for url: https://openapi.koreainvestment.com:9443/uapi/overseas-price/v1/quotations/inquire-time-itemchartprice?AUTH=&EXCD=NAS&SYMB=NXPI&NMIN=30&PINC=1&NEXT=1&NREC=120&FILL=&KEYB=20260714213000
[2026-07-20 22:51:29] [NXPI] page=1 attempt=1 실패: 요청 예외
[2026-07-20 22:51:31]   [NXPI] page=1 candles=120 more='0' next='1' nrec='120' rsym='DNASNXPI'
[2026-07-20 22:51:32]   [NXPI] page=2 candles=120 more='0' next='1' nrec='120' rsym='DNASNXPI'
[2026-07-20 22:51:32]   [NXPI] page=3 candles=120 more='0' next='1' nrec='120' rsym='DNASNXPI'
[2026-07-20 22:51:33] [NXPI] page=4 attempt=1 요청 예외: 500 Server Error: Internal Server Error for url: https://openapi.koreainvestment.com:9443/uapi/overseas-price/v1/quotations/inquire-time-itemchartprice?AUTH=&EXCD=NAS&SYMB=NXPI&NMIN=30&PINC=1&NEXT=1&NREC=120&FILL=&KEYB=20260630070000
[2026-07-20 22:51:33] [NXPI] page=4 attempt=1 실패: 요청 예외
[2026-07-20 22:51:35]   [NXPI] page=4 candles=120 more='0' next='1' nrec='120' rsym='DNASNXPI'
[2026-07-20 22:51:36]   [NXPI] page=5 candles=93 more='0' next='0' nrec='93' rsym='DNASNXPI'
[2026-07-20 22:51:37]   [ODFL] page=0 candles=120 more='0' next='1' nrec='120' rsym='DNASODFL'
[2026-07-20 22:51:37]   [ODFL] page=1 candles=120 more='0' next='1' nrec='120' rsym='DNASODFL'
[2026-07-20 22:51:38] [ODFL] page=2 attempt=1 요청 예외: 500 Server Error: Internal Server Error for url: https://openapi.koreainvestment.com:9443/uapi/overseas-price/v1/quotations/inquire-time-itemchartprice?AUTH=&EXCD=NAS&SYMB=ODFL&NMIN=30&PINC=1&NEXT=1&NREC=120&FILL=&KEYB=20260707043000
[2026-07-20 22:51:38] [ODFL] page=2 attempt=1 실패: 요청 예외
[2026-07-20 22:51:40]   [ODFL] page=2 candles=120 more='0' next='1' nrec='120' rsym='DNASODFL'
[2026-07-20 22:51:41]   [ODFL] page=3 candles=118 more='0' next='0' nrec='118' rsym='DNASODFL'
[2026-07-20 22:51:42]   [ORLY] page=0 candles=120 more='0' next='1' nrec='120' rsym='DNASORLY'
[2026-07-20 22:51:42]   [ORLY] page=1 candles=120 more='0' next='1' nrec='120' rsym='DNASORLY'
[2026-07-20 22:51:43] [ORLY] page=2 attempt=1 요청 예외: 500 Server Error: Internal Server Error for url: https://openapi.koreainvestment.com:9443/uapi/overseas-price/v1/quotations/inquire-time-itemchartprice?AUTH=&EXCD=NAS&SYMB=ORLY&NMIN=30&PINC=1&NEXT=1&NREC=120&FILL=&KEYB=20260708023000
[2026-07-20 22:51:43] [ORLY] page=2 attempt=1 실패: 요청 예외
[2026-07-20 22:51:45]   [ORLY] page=2 candles=120 more='0' next='1' nrec='120' rsym='DNASORLY'
[2026-07-20 22:51:46]   [ORLY] page=3 candles=120 more='0' next='1' nrec='120' rsym='DNASORLY'
[2026-07-20 22:51:46]   [ORLY] page=4 candles=77 more='0' next='0' nrec='77' rsym='DNASORLY'
[2026-07-20 22:51:47]   [PANW] page=0 candles=120 more='0' next='1' nrec='120' rsym='DNASPANW'
[2026-07-20 22:51:48]   [PANW] page=1 candles=120 more='0' next='1' nrec='120' rsym='DNASPANW'
[2026-07-20 22:51:49]   [PANW] page=2 candles=120 more='0' next='1' nrec='120' rsym='DNASPANW'
[2026-07-20 22:51:50]   [PANW] page=3 candles=120 more='0' next='1' nrec='120' rsym='DNASPANW'
[2026-07-20 22:51:50]   [PANW] page=4 candles=120 more='0' next='1' nrec='120' rsym='DNASPANW'
[2026-07-20 22:51:51]   [PANW] page=5 candles=120 more='0' next='1' nrec='120' rsym='DNASPANW'
[2026-07-20 22:51:52]   [PANW] page=6 candles=32 more='0' next='0' nrec='32' rsym='DNASPANW'
[2026-07-20 22:51:53]   [PAYX] page=0 candles=120 more='0' next='1' nrec='120' rsym='DNASPAYX'
[2026-07-20 22:51:54]   [PAYX] page=1 candles=120 more='0' next='1' nrec='120' rsym='DNASPAYX'
[2026-07-20 22:51:54] [PAYX] page=2 attempt=1 요청 예외: 500 Server Error: Internal Server Error for url: https://openapi.koreainvestment.com:9443/uapi/overseas-price/v1/quotations/inquire-time-itemchartprice?AUTH=&EXCD=NAS&SYMB=PAYX&NMIN=30&PINC=1&NEXT=1&NREC=120&FILL=&KEYB=20260707230000
[2026-07-20 22:51:54] [PAYX] page=2 attempt=1 실패: 요청 예외
[2026-07-20 22:51:56]   [PAYX] page=2 candles=120 more='0' next='1' nrec='120' rsym='DNASPAYX'
[2026-07-20 22:51:57]   [PAYX] page=3 candles=120 more='0' next='1' nrec='120' rsym='DNASPAYX'
[2026-07-20 22:51:58]   [PAYX] page=4 candles=90 more='0' next='0' nrec='90' rsym='DNASPAYX'
[2026-07-20 22:51:59]   [PCAR] page=0 candles=120 more='0' next='1' nrec='120' rsym='DNASPCAR'
[2026-07-20 22:51:59]   [PCAR] page=1 candles=120 more='0' next='1' nrec='120' rsym='DNASPCAR'
[2026-07-20 22:52:00] [PCAR] page=2 attempt=1 요청 예외: 500 Server Error: Internal Server Error for url: https://openapi.koreainvestment.com:9443/uapi/overseas-price/v1/quotations/inquire-time-itemchartprice?AUTH=&EXCD=NAS&SYMB=PCAR&NMIN=30&PINC=1&NEXT=1&NREC=120&FILL=&KEYB=20260706233000
[2026-07-20 22:52:00] [PCAR] page=2 attempt=1 실패: 요청 예외
[2026-07-20 22:52:02]   [PCAR] page=2 candles=120 more='0' next='1' nrec='120' rsym='DNASPCAR'
[2026-07-20 22:52:03]   [PCAR] page=3 candles=118 more='0' next='0' nrec='118' rsym='DNASPCAR'
[2026-07-20 22:52:04]   [PDD] page=0 candles=120 more='0' next='1' nrec='120' rsym='DNASPDD'
[2026-07-20 22:52:04]   [PDD] page=1 candles=120 more='0' next='1' nrec='120' rsym='DNASPDD'
[2026-07-20 22:52:05] [PDD] page=2 attempt=1 요청 예외: 500 Server Error: Internal Server Error for url: https://openapi.koreainvestment.com:9443/uapi/overseas-price/v1/quotations/inquire-time-itemchartprice?AUTH=&EXCD=NAS&SYMB=PDD&NMIN=30&PINC=1&NEXT=1&NREC=120&FILL=&KEYB=20260709203000
[2026-07-20 22:52:05] [PDD] page=2 attempt=1 실패: 요청 예외
[2026-07-20 22:52:07]   [PDD] page=2 candles=120 more='0' next='1' nrec='120' rsym='DNASPDD'
[2026-07-20 22:52:08]   [PDD] page=3 candles=120 more='0' next='1' nrec='120' rsym='DNASPDD'
[2026-07-20 22:52:08] [PDD] page=4 attempt=1 요청 예외: 500 Server Error: Internal Server Error for url: https://openapi.koreainvestment.com:9443/uapi/overseas-price/v1/quotations/inquire-time-itemchartprice?AUTH=&EXCD=NAS&SYMB=PDD&NMIN=30&PINC=1&NEXT=1&NREC=120&FILL=&KEYB=20260630203000
[2026-07-20 22:52:08] [PDD] page=4 attempt=1 실패: 요청 예외
[2026-07-20 22:52:10]   [PDD] page=4 candles=120 more='0' next='1' nrec='120' rsym='DNASPDD'
[2026-07-20 22:52:11]   [PDD] page=5 candles=120 more='0' next='1' nrec='120' rsym='DNASPDD'
[2026-07-20 22:52:12]   [PDD] page=6 candles=32 more='0' next='0' nrec='32' rsym='DNASPDD'
[2026-07-20 22:52:13]   [PEP] page=0 candles=120 more='0' next='1' nrec='120' rsym='DNASPEP'
[2026-07-20 22:52:13] [PEP] page=1 attempt=1 요청 예외: 500 Server Error: Internal Server Error for url: https://openapi.koreainvestment.com:9443/uapi/overseas-price/v1/quotations/inquire-time-itemchartprice?AUTH=&EXCD=NAS&SYMB=PEP&NMIN=30&PINC=1&NEXT=1&NREC=120&FILL=&KEYB=20260715023000
[2026-07-20 22:52:13] [PEP] page=1 attempt=1 실패: 요청 예외
[2026-07-20 22:52:15]   [PEP] page=1 candles=120 more='0' next='1' nrec='120' rsym='DNASPEP'
[2026-07-20 22:52:16]   [PEP] page=2 candles=120 more='0' next='1' nrec='120' rsym='DNASPEP'
[2026-07-20 22:52:17]   [PEP] page=3 candles=120 more='0' next='1' nrec='120' rsym='DNASPEP'
[2026-07-20 22:52:17]   [PEP] page=4 candles=120 more='0' next='1' nrec='120' rsym='DNASPEP'
[2026-07-20 22:52:18]   [PEP] page=5 candles=120 more='0' next='1' nrec='120' rsym='DNASPEP'
[2026-07-20 22:52:19]   [PEP] page=6 candles=32 more='0' next='0' nrec='32' rsym='DNASPEP'
[2026-07-20 22:52:20]   [PLTR] page=0 candles=120 more='0' next='1' nrec='120' rsym='DNASPLTR'
[2026-07-20 22:52:21]   [PLTR] page=1 candles=120 more='0' next='1' nrec='120' rsym='DNASPLTR'
[2026-07-20 22:52:21] [PLTR] page=2 attempt=1 요청 예외: 500 Server Error: Internal Server Error for url: https://openapi.koreainvestment.com:9443/uapi/overseas-price/v1/quotations/inquire-time-itemchartprice?AUTH=&EXCD=NAS&SYMB=PLTR&NMIN=30&PINC=1&NEXT=1&NREC=120&FILL=&KEYB=20260709203000
[2026-07-20 22:52:21] [PLTR] page=2 attempt=1 실패: 요청 예외
[2026-07-20 22:52:23]   [PLTR] page=2 candles=120 more='0' next='1' nrec='120' rsym='DNASPLTR'
[2026-07-20 22:52:24]   [PLTR] page=3 candles=120 more='0' next='1' nrec='120' rsym='DNASPLTR'
[2026-07-20 22:52:25]   [PLTR] page=4 candles=120 more='0' next='1' nrec='120' rsym='DNASPLTR'
[2026-07-20 22:52:25]   [PLTR] page=5 candles=120 more='0' next='1' nrec='120' rsym='DNASPLTR'
[2026-07-20 22:52:26]   [PLTR] page=6 candles=32 more='0' next='0' nrec='32' rsym='DNASPLTR'
[2026-07-20 22:52:27]   [PYPL] page=0 candles=120 more='0' next='1' nrec='120' rsym='DNASPYPL'
[2026-07-20 22:52:28]   [PYPL] page=1 candles=120 more='0' next='1' nrec='120' rsym='DNASPYPL'
[2026-07-20 22:52:29]   [PYPL] page=2 candles=120 more='0' next='1' nrec='120' rsym='DNASPYPL'
[2026-07-20 22:52:29]   [PYPL] page=3 candles=120 more='0' next='1' nrec='120' rsym='DNASPYPL'
[2026-07-20 22:52:30]   [PYPL] page=4 candles=120 more='0' next='1' nrec='120' rsym='DNASPYPL'
[2026-07-20 22:52:31]   [PYPL] page=5 candles=120 more='0' next='1' nrec='120' rsym='DNASPYPL'
[2026-07-20 22:52:31]   [PYPL] page=6 candles=32 more='0' next='0' nrec='32' rsym='DNASPYPL'
[2026-07-20 22:52:32]   [QCOM] page=0 candles=120 more='0' next='1' nrec='120' rsym='DNASQCOM'
[2026-07-20 22:52:33] [QCOM] page=1 attempt=1 요청 예외: 500 Server Error: Internal Server Error for url: https://openapi.koreainvestment.com:9443/uapi/overseas-price/v1/quotations/inquire-time-itemchartprice?AUTH=&EXCD=NAS&SYMB=QCOM&NMIN=30&PINC=1&NEXT=1&NREC=120&FILL=&KEYB=20260715023000
[2026-07-20 22:52:33] [QCOM] page=1 attempt=1 실패: 요청 예외
[2026-07-20 22:52:35]   [QCOM] page=1 candles=120 more='0' next='1' nrec='120' rsym='DNASQCOM'
[2026-07-20 22:52:36]   [QCOM] page=2 candles=120 more='0' next='1' nrec='120' rsym='DNASQCOM'
[2026-07-20 22:52:36]   [QCOM] page=3 candles=120 more='0' next='1' nrec='120' rsym='DNASQCOM'
[2026-07-20 22:52:37] [QCOM] page=4 attempt=1 요청 예외: 500 Server Error: Internal Server Error for url: https://openapi.koreainvestment.com:9443/uapi/overseas-price/v1/quotations/inquire-time-itemchartprice?AUTH=&EXCD=NAS&SYMB=QCOM&NMIN=30&PINC=1&NEXT=1&NREC=120&FILL=&KEYB=20260630203000
[2026-07-20 22:52:37] [QCOM] page=4 attempt=1 실패: 요청 예외
[2026-07-20 22:52:39]   [QCOM] page=4 candles=120 more='0' next='1' nrec='120' rsym='DNASQCOM'
[2026-07-20 22:52:40]   [QCOM] page=5 candles=120 more='0' next='1' nrec='120' rsym='DNASQCOM'
[2026-07-20 22:52:40]   [QCOM] page=6 candles=32 more='0' next='0' nrec='32' rsym='DNASQCOM'
[2026-07-20 22:52:41]   [REGN] page=0 candles=120 more='0' next='1' nrec='120' rsym='DNASREGN'
[2026-07-20 22:52:42] [REGN] page=1 attempt=1 요청 예외: 500 Server Error: Internal Server Error for url: https://openapi.koreainvestment.com:9443/uapi/overseas-price/v1/quotations/inquire-time-itemchartprice?AUTH=&EXCD=NAS&SYMB=REGN&NMIN=30&PINC=1&NEXT=1&NREC=120&FILL=&KEYB=20260714043000
[2026-07-20 22:52:42] [REGN] page=1 attempt=1 실패: 요청 예외
[2026-07-20 22:52:44]   [REGN] page=1 candles=120 more='0' next='1' nrec='120' rsym='DNASREGN'
[2026-07-20 22:52:45]   [REGN] page=2 candles=120 more='0' next='1' nrec='120' rsym='DNASREGN'
[2026-07-20 22:52:45]   [REGN] page=3 candles=120 more='0' next='1' nrec='120' rsym='DNASREGN'
[2026-07-20 22:52:46] [REGN] page=4 attempt=1 요청 예외: 500 Server Error: Internal Server Error for url: https://openapi.koreainvestment.com:9443/uapi/overseas-price/v1/quotations/inquire-time-itemchartprice?AUTH=&EXCD=NAS&SYMB=REGN&NMIN=30&PINC=1&NEXT=1&NREC=120&FILL=&KEYB=20260625000000
[2026-07-20 22:52:46] [REGN] page=4 attempt=1 실패: 요청 예외
[2026-07-20 22:52:48]   [REGN] page=4 candles=83 more='0' next='0' nrec='83' rsym='DNASREGN'
[2026-07-20 22:52:49]   [ROP] page=0 candles=120 more='0' next='1' nrec='120' rsym='DNASROP'
[2026-07-20 22:52:50]   [ROP] page=1 candles=120 more='0' next='1' nrec='120' rsym='DNASROP'
[2026-07-20 22:52:51]   [ROP] page=2 candles=120 more='0' next='1' nrec='120' rsym='DNASROP'
[2026-07-20 22:52:51]   [ROP] page=3 candles=120 more='0' next='1' nrec='120' rsym='DNASROP'
[2026-07-20 22:52:52]   [ROP] page=4 candles=21 more='0' next='0' nrec='21' rsym='DNASROP'
[2026-07-20 22:52:53]   [ROST] page=0 candles=120 more='0' next='1' nrec='120' rsym='DNASROST'
[2026-07-20 22:52:54]   [ROST] page=1 candles=120 more='0' next='1' nrec='120' rsym='DNASROST'
[2026-07-20 22:52:55]   [ROST] page=2 candles=120 more='0' next='1' nrec='120' rsym='DNASROST'
[2026-07-20 22:52:55]   [ROST] page=3 candles=120 more='0' next='1' nrec='120' rsym='DNASROST'
[2026-07-20 22:52:56]   [ROST] page=4 candles=55 more='0' next='0' nrec='55' rsym='DNASROST'
[2026-07-20 22:52:57]   [SBUX] page=0 candles=120 more='0' next='1' nrec='120' rsym='DNASSBUX'
[2026-07-20 22:52:58]   [SBUX] page=1 candles=120 more='0' next='1' nrec='120' rsym='DNASSBUX'
[2026-07-20 22:52:59]   [SBUX] page=2 candles=120 more='0' next='1' nrec='120' rsym='DNASSBUX'
[2026-07-20 22:52:59] [SBUX] page=3 attempt=1 요청 예외: 500 Server Error: Internal Server Error for url: https://openapi.koreainvestment.com:9443/uapi/overseas-price/v1/quotations/inquire-time-itemchartprice?AUTH=&EXCD=NAS&SYMB=SBUX&NMIN=30&PINC=1&NEXT=1&NREC=120&FILL=&KEYB=20260706190000
[2026-07-20 22:52:59] [SBUX] page=3 attempt=1 실패: 요청 예외
[2026-07-20 22:53:01]   [SBUX] page=3 candles=120 more='0' next='1' nrec='120' rsym='DNASSBUX'
[2026-07-20 22:53:02]   [SBUX] page=4 candles=120 more='0' next='1' nrec='120' rsym='DNASSBUX'
[2026-07-20 22:53:03]   [SBUX] page=5 candles=120 more='0' next='1' nrec='120' rsym='DNASSBUX'
[2026-07-20 22:53:03]   [SBUX] page=6 candles=30 more='0' next='0' nrec='30' rsym='DNASSBUX'
[2026-07-20 22:53:04]   [SHOP] page=0 candles=120 more='0' next='1' nrec='120' rsym='DNASSHOP'
[2026-07-20 22:53:05]   [SHOP] page=1 candles=120 more='0' next='1' nrec='120' rsym='DNASSHOP'
[2026-07-20 22:53:06]   [SHOP] page=2 candles=120 more='0' next='1' nrec='120' rsym='DNASSHOP'
[2026-07-20 22:53:06]   [SHOP] page=3 candles=120 more='0' next='1' nrec='120' rsym='DNASSHOP'
[2026-07-20 22:53:07]   [SHOP] page=4 candles=120 more='0' next='1' nrec='120' rsym='DNASSHOP'
[2026-07-20 22:53:08]   [SHOP] page=5 candles=120 more='0' next='1' nrec='120' rsym='DNASSHOP'
[2026-07-20 22:53:09]   [SHOP] page=6 candles=32 more='0' next='0' nrec='32' rsym='DNASSHOP'
[2026-07-20 22:53:10]   [SNPS] page=0 candles=120 more='0' next='1' nrec='120' rsym='DNASSNPS'
[2026-07-20 22:53:10]   [SNPS] page=1 candles=120 more='0' next='1' nrec='120' rsym='DNASSNPS'
[2026-07-20 22:53:11]   [SNPS] page=2 candles=120 more='0' next='1' nrec='120' rsym='DNASSNPS'
[2026-07-20 22:53:12]   [SNPS] page=3 candles=120 more='0' next='1' nrec='120' rsym='DNASSNPS'
[2026-07-20 22:53:13]   [SNPS] page=4 candles=120 more='0' next='1' nrec='120' rsym='DNASSNPS'
[2026-07-20 22:53:13]   [SNPS] page=5 candles=120 more='0' next='1' nrec='120' rsym='DNASSNPS'
[2026-07-20 22:53:14] [SNPS] page=6 attempt=1 요청 예외: 500 Server Error: Internal Server Error for url: https://openapi.koreainvestment.com:9443/uapi/overseas-price/v1/quotations/inquire-time-itemchartprice?AUTH=&EXCD=NAS&SYMB=SNPS&NMIN=30&PINC=1&NEXT=1&NREC=120&FILL=&KEYB=20260622193000
[2026-07-20 22:53:14] [SNPS] page=6 attempt=1 실패: 요청 예외
[2026-07-20 22:53:16]   [SNPS] page=6 candles=32 more='0' next='0' nrec='32' rsym='DNASSNPS'
[2026-07-20 22:53:17]   [STX] page=0 candles=120 more='0' next='1' nrec='120' rsym='DNASSTX'
[2026-07-20 22:53:18]   [STX] page=1 candles=120 more='0' next='1' nrec='120' rsym='DNASSTX'
[2026-07-20 22:53:18]   [STX] page=2 candles=120 more='0' next='1' nrec='120' rsym='DNASSTX'
[2026-07-20 22:53:19] [STX] page=3 attempt=1 요청 예외: 500 Server Error: Internal Server Error for url: https://openapi.koreainvestment.com:9443/uapi/overseas-price/v1/quotations/inquire-time-itemchartprice?AUTH=&EXCD=NAS&SYMB=STX&NMIN=30&PINC=1&NEXT=1&NREC=120&FILL=&KEYB=20260706203000
[2026-07-20 22:53:19] [STX] page=3 attempt=1 실패: 요청 예외
[2026-07-20 22:53:21]   [STX] page=3 candles=120 more='0' next='1' nrec='120' rsym='DNASSTX'
[2026-07-20 22:53:22]   [STX] page=4 candles=120 more='0' next='1' nrec='120' rsym='DNASSTX'
[2026-07-20 22:53:22]   [STX] page=5 candles=120 more='0' next='1' nrec='120' rsym='DNASSTX'
[2026-07-20 22:53:23] [STX] page=6 attempt=1 요청 예외: 500 Server Error: Internal Server Error for url: https://openapi.koreainvestment.com:9443/uapi/overseas-price/v1/quotations/inquire-time-itemchartprice?AUTH=&EXCD=NAS&SYMB=STX&NMIN=30&PINC=1&NEXT=1&NREC=120&FILL=&KEYB=20260622203000
[2026-07-20 22:53:23] [STX] page=6 attempt=1 실패: 요청 예외
[2026-07-20 22:53:25]   [STX] page=6 candles=32 more='0' next='0' nrec='32' rsym='DNASSTX'
[2026-07-20 22:53:26]   [TEAM] page=0 candles=120 more='0' next='1' nrec='120' rsym='DNASTEAM'
[2026-07-20 22:53:27]   [TEAM] page=1 candles=120 more='0' next='1' nrec='120' rsym='DNASTEAM'
[2026-07-20 22:53:27]   [TEAM] page=2 candles=120 more='0' next='1' nrec='120' rsym='DNASTEAM'
[2026-07-20 22:53:28] [TEAM] page=3 attempt=1 요청 예외: 500 Server Error: Internal Server Error for url: https://openapi.koreainvestment.com:9443/uapi/overseas-price/v1/quotations/inquire-time-itemchartprice?AUTH=&EXCD=NAS&SYMB=TEAM&NMIN=30&PINC=1&NEXT=1&NREC=120&FILL=&KEYB=20260706193000
[2026-07-20 22:53:28] [TEAM] page=3 attempt=1 실패: 요청 예외
[2026-07-20 22:53:30]   [TEAM] page=3 candles=120 more='0' next='1' nrec='120' rsym='DNASTEAM'
[2026-07-20 22:53:31]   [TEAM] page=4 candles=120 more='0' next='1' nrec='120' rsym='DNASTEAM'
[2026-07-20 22:53:31]   [TEAM] page=5 candles=120 more='0' next='1' nrec='120' rsym='DNASTEAM'
[2026-07-20 22:53:32]   [TEAM] page=6 candles=32 more='0' next='0' nrec='32' rsym='DNASTEAM'
[2026-07-20 22:53:33]   [TMUS] page=0 candles=120 more='0' next='1' nrec='120' rsym='DNASTMUS'
[2026-07-20 22:53:34]   [TMUS] page=1 candles=120 more='0' next='1' nrec='120' rsym='DNASTMUS'
[2026-07-20 22:53:35]   [TMUS] page=2 candles=120 more='0' next='1' nrec='120' rsym='DNASTMUS'
[2026-07-20 22:53:35]   [TMUS] page=3 candles=120 more='0' next='1' nrec='120' rsym='DNASTMUS'
[2026-07-20 22:53:36] [TMUS] page=4 attempt=1 요청 예외: 500 Server Error: Internal Server Error for url: https://openapi.koreainvestment.com:9443/uapi/overseas-price/v1/quotations/inquire-time-itemchartprice?AUTH=&EXCD=NAS&SYMB=TMUS&NMIN=30&PINC=1&NEXT=1&NREC=120&FILL=&KEYB=20260630170000
[2026-07-20 22:53:36] [TMUS] page=4 attempt=1 실패: 요청 예외
[2026-07-20 22:53:38]   [TMUS] page=4 candles=120 more='0' next='1' nrec='120' rsym='DNASTMUS'
[2026-07-20 22:53:39]   [TMUS] page=5 candles=117 more='0' next='0' nrec='117' rsym='DNASTMUS'
[2026-07-20 22:53:40]   [TSLA] page=0 candles=120 more='0' next='1' nrec='120' rsym='DNASTSLA'
[2026-07-20 22:53:40]   [TSLA] page=1 candles=120 more='0' next='1' nrec='120' rsym='DNASTSLA'
[2026-07-20 22:53:41]   [TSLA] page=2 candles=120 more='0' next='1' nrec='120' rsym='DNASTSLA'
[2026-07-20 22:53:42]   [TSLA] page=3 candles=120 more='0' next='1' nrec='120' rsym='DNASTSLA'
[2026-07-20 22:53:43]   [TSLA] page=4 candles=120 more='0' next='1' nrec='120' rsym='DNASTSLA'
[2026-07-20 22:53:43]   [TSLA] page=5 candles=120 more='0' next='1' nrec='120' rsym='DNASTSLA'
[2026-07-20 22:53:44]   [TSLA] page=6 candles=32 more='0' next='0' nrec='32' rsym='DNASTSLA'
[2026-07-20 22:53:45]   [TTWO] page=0 candles=120 more='0' next='1' nrec='120' rsym='DNASTTWO'
[2026-07-20 22:53:46]   [TTWO] page=1 candles=120 more='0' next='1' nrec='120' rsym='DNASTTWO'
[2026-07-20 22:53:47]   [TTWO] page=2 candles=120 more='0' next='1' nrec='120' rsym='DNASTTWO'
[2026-07-20 22:53:47]   [TTWO] page=3 candles=120 more='0' next='1' nrec='120' rsym='DNASTTWO'
[2026-07-20 22:53:48] [TTWO] page=4 attempt=1 요청 예외: 500 Server Error: Internal Server Error for url: https://openapi.koreainvestment.com:9443/uapi/overseas-price/v1/quotations/inquire-time-itemchartprice?AUTH=&EXCD=NAS&SYMB=TTWO&NMIN=30&PINC=1&NEXT=1&NREC=120&FILL=&KEYB=20260630203000
[2026-07-20 22:53:48] [TTWO] page=4 attempt=1 실패: 요청 예외
[2026-07-20 22:53:50]   [TTWO] page=4 candles=120 more='0' next='1' nrec='120' rsym='DNASTTWO'
[2026-07-20 22:53:51]   [TTWO] page=5 candles=120 more='0' next='1' nrec='120' rsym='DNASTTWO'
[2026-07-20 22:53:51] [TTWO] page=6 attempt=1 요청 예외: 500 Server Error: Internal Server Error for url: https://openapi.koreainvestment.com:9443/uapi/overseas-price/v1/quotations/inquire-time-itemchartprice?AUTH=&EXCD=NAS&SYMB=TTWO&NMIN=30&PINC=1&NEXT=1&NREC=120&FILL=&KEYB=20260622203000
[2026-07-20 22:53:51] [TTWO] page=6 attempt=1 실패: 요청 예외
[2026-07-20 22:53:53]   [TTWO] page=6 candles=32 more='0' next='0' nrec='32' rsym='DNASTTWO'
[2026-07-20 22:53:54]   [TXN] page=0 candles=120 more='0' next='1' nrec='120' rsym='DNASTXN'
[2026-07-20 22:53:55]   [TXN] page=1 candles=120 more='0' next='1' nrec='120' rsym='DNASTXN'
[2026-07-20 22:53:56]   [TXN] page=2 candles=120 more='0' next='1' nrec='120' rsym='DNASTXN'
[2026-07-20 22:53:56]   [TXN] page=3 candles=120 more='0' next='1' nrec='120' rsym='DNASTXN'
[2026-07-20 22:53:57]   [TXN] page=4 candles=120 more='0' next='1' nrec='120' rsym='DNASTXN'
[2026-07-20 22:53:58]   [TXN] page=5 candles=120 more='0' next='1' nrec='120' rsym='DNASTXN'
[2026-07-20 22:53:59]   [TXN] page=6 candles=32 more='0' next='0' nrec='32' rsym='DNASTXN'
[2026-07-20 22:54:00]   [VRSK] page=0 candles=120 more='0' next='1' nrec='120' rsym='DNASVRSK'
[2026-07-20 22:54:00]   [VRSK] page=1 candles=120 more='0' next='1' nrec='120' rsym='DNASVRSK'
[2026-07-20 22:54:01]   [VRSK] page=2 candles=120 more='0' next='1' nrec='120' rsym='DNASVRSK'
[2026-07-20 22:54:02]   [VRSK] page=3 candles=87 more='0' next='0' nrec='87' rsym='DNASVRSK'
[2026-07-20 22:54:03]   [VRTX] page=0 candles=120 more='0' next='1' nrec='120' rsym='DNASVRTX'
[2026-07-20 22:54:04]   [VRTX] page=1 candles=120 more='0' next='1' nrec='120' rsym='DNASVRTX'
[2026-07-20 22:54:04]   [VRTX] page=2 candles=120 more='0' next='1' nrec='120' rsym='DNASVRTX'
[2026-07-20 22:54:05] [VRTX] page=3 attempt=1 요청 예외: 500 Server Error: Internal Server Error for url: https://openapi.koreainvestment.com:9443/uapi/overseas-price/v1/quotations/inquire-time-itemchartprice?AUTH=&EXCD=NAS&SYMB=VRTX&NMIN=30&PINC=1&NEXT=1&NREC=120&FILL=&KEYB=20260701170000
[2026-07-20 22:54:05] [VRTX] page=3 attempt=1 실패: 요청 예외
[2026-07-20 22:54:07]   [VRTX] page=3 candles=120 more='0' next='1' nrec='120' rsym='DNASVRTX'
[2026-07-20 22:54:08]   [VRTX] page=4 candles=117 more='0' next='0' nrec='117' rsym='DNASVRTX'
[2026-07-20 22:54:09]   [WDAY] page=0 candles=120 more='0' next='1' nrec='120' rsym='DNASWDAY'
[2026-07-20 22:54:09]   [WDAY] page=1 candles=120 more='0' next='1' nrec='120' rsym='DNASWDAY'
[2026-07-20 22:54:10]   [WDAY] page=2 candles=120 more='0' next='1' nrec='120' rsym='DNASWDAY'
[2026-07-20 22:54:11]   [WDAY] page=3 candles=120 more='0' next='1' nrec='120' rsym='DNASWDAY'
[2026-07-20 22:54:12]   [WDAY] page=4 candles=120 more='0' next='1' nrec='120' rsym='DNASWDAY'
[2026-07-20 22:54:12]   [WDAY] page=5 candles=120 more='0' next='0' nrec='120' rsym='DNASWDAY'
[2026-07-20 22:54:13]   [WDC] page=0 candles=120 more='0' next='1' nrec='120' rsym='DNASWDC'
[2026-07-20 22:54:14] [WDC] page=1 attempt=1 요청 예외: 500 Server Error: Internal Server Error for url: https://openapi.koreainvestment.com:9443/uapi/overseas-price/v1/quotations/inquire-time-itemchartprice?AUTH=&EXCD=NAS&SYMB=WDC&NMIN=30&PINC=1&NEXT=1&NREC=120&FILL=&KEYB=20260715023000
[2026-07-20 22:54:14] [WDC] page=1 attempt=1 실패: 요청 예외
[2026-07-20 22:54:16]   [WDC] page=1 candles=120 more='0' next='1' nrec='120' rsym='DNASWDC'
[2026-07-20 22:54:17]   [WDC] page=2 candles=120 more='0' next='1' nrec='120' rsym='DNASWDC'
[2026-07-20 22:54:17]   [WDC] page=3 candles=120 more='0' next='1' nrec='120' rsym='DNASWDC'
[2026-07-20 22:54:18]   [WDC] page=4 candles=120 more='0' next='1' nrec='120' rsym='DNASWDC'
[2026-07-20 22:54:19]   [WDC] page=5 candles=120 more='0' next='1' nrec='120' rsym='DNASWDC'
[2026-07-20 22:54:20]   [WDC] page=6 candles=32 more='0' next='0' nrec='32' rsym='DNASWDC'
[2026-07-20 22:54:21]   [XEL] page=0 candles=120 more='0' next='1' nrec='120' rsym='DNASXEL'
[2026-07-20 22:54:21]   [XEL] page=1 candles=120 more='0' next='1' nrec='120' rsym='DNASXEL'
[2026-07-20 22:54:22] [XEL] page=2 attempt=1 요청 예외: 500 Server Error: Internal Server Error for url: https://openapi.koreainvestment.com:9443/uapi/overseas-price/v1/quotations/inquire-time-itemchartprice?AUTH=&EXCD=NAS&SYMB=XEL&NMIN=30&PINC=1&NEXT=1&NREC=120&FILL=&KEYB=20260703013000
[2026-07-20 22:54:22] [XEL] page=2 attempt=1 실패: 요청 예외
[2026-07-20 22:54:24]   [XEL] page=2 candles=120 more='0' next='1' nrec='120' rsym='DNASXEL'
[2026-07-20 22:54:25]   [XEL] page=3 candles=93 more='0' next='0' nrec='93' rsym='DNASXEL'
[2026-07-20 22:54:26]   [ZS] page=0 candles=120 more='0' next='1' nrec='120' rsym='DNASZS'
[2026-07-20 22:54:26]   [ZS] page=1 candles=120 more='0' next='1' nrec='120' rsym='DNASZS'
[2026-07-20 22:54:27]   [ZS] page=2 candles=120 more='0' next='1' nrec='120' rsym='DNASZS'
[2026-07-20 22:54:28]   [ZS] page=3 candles=120 more='0' next='1' nrec='120' rsym='DNASZS'
[2026-07-20 22:54:29]   [ZS] page=4 candles=120 more='0' next='1' nrec='120' rsym='DNASZS'
[2026-07-20 22:54:29]   [ZS] page=5 candles=120 more='0' next='1' nrec='120' rsym='DNASZS'
[2026-07-20 22:54:30]   [ZS] page=6 candles=32 more='0' next='0' nrec='32' rsym='DNASZS'
[2026-07-20 22:54:31]   [WBD] page=0 candles=120 more='0' next='1' nrec='120' rsym='DNASWBD'
[2026-07-20 22:54:32]   [WBD] page=1 candles=120 more='0' next='1' nrec='120' rsym='DNASWBD'
[2026-07-20 22:54:33]   [WBD] page=2 candles=120 more='0' next='1' nrec='120' rsym='DNASWBD'
[2026-07-20 22:54:33]   [WBD] page=3 candles=120 more='0' next='1' nrec='120' rsym='DNASWBD'
[2026-07-20 22:54:34]   [WBD] page=4 candles=120 more='0' next='1' nrec='120' rsym='DNASWBD'
[2026-07-20 22:54:35]   [WBD] page=5 candles=58 more='0' next='0' nrec='58' rsym='DNASWBD'
[2026-07-21 15:53:28]   [AAPL] page=0 candles=120 more='0' next='1' nrec='120' rsym='DNASAAPL'
[2026-07-21 15:53:29]   [AAPL] page=1 candles=120 more='0' next='1' nrec='120' rsym='DNASAAPL'
[2026-07-21 16:07:23]   [ABNB] page=0 candles=120 more='0' next='1' nrec='120' rsym='DNASABNB'
[2026-07-22 10:17:54]   [AAPL] page=0 candles=120 more='0' next='1' nrec='120' rsym='DNASAAPL'
[2026-07-22 10:17:55]   [AAPL] page=1 candles=120 more='0' next='1' nrec='120' rsym='DNASAAPL'
[2026-07-22 10:18:34]   [ABNB] page=0 candles=120 more='0' next='1' nrec='120' rsym='DNASABNB'
[2026-07-22 10:29:06]   [ABNB] page=0 candles=120 more='0' next='1' nrec='120' rsym='DNASABNB'
[2026-07-22 10:30:23]   [ABNB] page=0 candles=120 more='0' next='1' nrec='120' rsym='DNASABNB'
[2026-07-22 10:31:46]   [ABNB] page=0 candles=120 more='0' next='1' nrec='120' rsym='DNASABNB'
[2026-07-22 10:39:01]   [AAPL] page=0 candles=120 more='0' next='1' nrec='120' rsym='DNASAAPL'
[2026-07-22 10:39:02]   [AAPL] page=1 candles=120 more='0' next='1' nrec='120' rsym='DNASAAPL'
[2026-07-22 10:50:20]   [AAPL] page=0 candles=120 more='0' next='1' nrec='120' rsym='DNASAAPL'
[2026-07-22 10:50:21]   [AAPL] page=1 candles=120 more='0' next='1' nrec='120' rsym='DNASAAPL'
[2026-07-22 11:06:57]   [AAPL] page=0 candles=120 more='0' next='1' nrec='120' rsym='DNASAAPL'
[2026-07-22 11:06:58]   [AAPL] page=1 candles=120 more='0' next='1' nrec='120' rsym='DNASAAPL'
[2026-07-22 11:12:10]   [AAPL] page=0 candles=120 more='0' next='1' nrec='120' rsym='DNASAAPL'
[2026-07-22 11:12:10]   [AAPL] page=1 candles=120 more='0' next='1' nrec='120' rsym='DNASAAPL'
[2026-07-22 11:21:22]   [AAPL] page=0 candles=120 more='0' next='1' nrec='120' rsym='DNASAAPL'
[2026-07-22 11:21:22]   [AAPL] page=1 candles=120 more='0' next='1' nrec='120' rsym='DNASAAPL'
[2026-07-22 11:26:49]   [AAPL] page=0 candles=120 more='0' next='1' nrec='120' rsym='DNASAAPL'
[2026-07-22 11:26:50]   [AAPL] page=1 candles=120 more='0' next='1' nrec='120' rsym='DNASAAPL'
[2026-07-22 11:27:27]   [ABNB] page=0 candles=120 more='0' next='1' nrec='120' rsym='DNASABNB'
[2026-07-22 11:27:47]   [ADBE] page=0 candles=120 more='0' next='1' nrec='120' rsym='DNASADBE'
[2026-07-22 11:27:48]   [ADBE] page=1 candles=120 more='0' next='1' nrec='120' rsym='DNASADBE'
[2026-07-22 11:28:16]   [ADBE] page=0 candles=120 more='0' next='1' nrec='120' rsym='DNASADBE'
[2026-07-22 11:28:17]   [ADBE] page=1 candles=120 more='0' next='1' nrec='120' rsym='DNASADBE'
[2026-07-22 11:30:45]   [ADBE] page=0 candles=120 more='0' next='1' nrec='120' rsym='DNASADBE'
[2026-07-22 11:30:45] [ADBE] page=1 attempt=1 요청 예외: 500 Server Error: Internal Server Error for url: https://openapi.koreainvestment.com:9443/uapi/overseas-price/v1/quotations/inquire-time-itemchartprice?AUTH=&EXCD=NAS&SYMB=ADBE&NMIN=30&PINC=1&NEXT=1&NREC=120&FILL=&KEYB=20260716203000
[2026-07-22 11:30:45] [ADBE] page=1 attempt=1 실패: 요청 예외
[2026-07-22 11:30:47]   [ADBE] page=1 candles=120 more='0' next='1' nrec='120' rsym='DNASADBE'
[2026-07-22 11:32:03]   [AAPL] page=0 candles=120 more='0' next='1' nrec='120' rsym='DNASAAPL'
[2026-07-22 11:32:04]   [AAPL] page=1 candles=120 more='0' next='1' nrec='120' rsym='DNASAAPL'
[2026-07-22 11:33:46]   [AAPL] page=0 candles=120 more='0' next='1' nrec='120' rsym='DNASAAPL'
[2026-07-22 11:33:47]   [AAPL] page=1 candles=120 more='0' next='1' nrec='120' rsym='DNASAAPL'
[2026-07-22 11:35:12]   [AAPL] page=0 candles=120 more='0' next='1' nrec='120' rsym='DNASAAPL'
[2026-07-22 11:35:13] [AAPL] page=1 attempt=1 요청 예외: 500 Server Error: Internal Server Error for url: https://openapi.koreainvestment.com:9443/uapi/overseas-price/v1/quotations/inquire-time-itemchartprice?AUTH=&EXCD=NAS&SYMB=AAPL&NMIN=30&PINC=1&NEXT=1&NREC=120&FILL=&KEYB=20260716203000
[2026-07-22 11:35:13] [AAPL] page=1 attempt=1 실패: 요청 예외
[2026-07-22 11:35:15]   [AAPL] page=1 candles=120 more='0' next='1' nrec='120' rsym='DNASAAPL'
[2026-07-22 11:36:40]   [AAPL] page=0 candles=120 more='0' next='1' nrec='120' rsym='DNASAAPL'
[2026-07-22 11:36:41]   [AAPL] page=1 candles=120 more='0' next='1' nrec='120' rsym='DNASAAPL'
[2026-07-22 11:40:41]   [AAPL] page=0 candles=120 more='0' next='1' nrec='120' rsym='DNASAAPL'
[2026-07-22 11:40:42]   [AAPL] page=1 candles=120 more='0' next='1' nrec='120' rsym='DNASAAPL'
[2026-07-22 11:42:20]   [AAPL] page=0 candles=120 more='0' next='1' nrec='120' rsym='DNASAAPL'
[2026-07-22 11:42:20] [AAPL] page=1 attempt=1 요청 예외: 500 Server Error: Internal Server Error for url: https://openapi.koreainvestment.com:9443/uapi/overseas-price/v1/quotations/inquire-time-itemchartprice?AUTH=&EXCD=NAS&SYMB=AAPL&NMIN=30&PINC=1&NEXT=1&NREC=120&FILL=&KEYB=20260716203000
[2026-07-22 11:42:20] [AAPL] page=1 attempt=1 실패: 요청 예외
[2026-07-22 11:42:22]   [AAPL] page=1 candles=120 more='0' next='1' nrec='120' rsym='DNASAAPL'
[2026-07-22 11:43:25]   [AAPL] page=0 candles=120 more='0' next='1' nrec='120' rsym='DNASAAPL'
[2026-07-22 11:43:25]   [AAPL] page=1 candles=120 more='0' next='1' nrec='120' rsym='DNASAAPL'
[2026-07-22 11:45:44]   [AAPL] page=0 candles=120 more='0' next='1' nrec='120' rsym='DNASAAPL'
[2026-07-22 11:45:45]   [AAPL] page=1 candles=120 more='0' next='1' nrec='120' rsym='DNASAAPL'
[2026-07-22 11:46:02]   [AAPL] page=0 candles=120 more='0' next='1' nrec='120' rsym='DNASAAPL'
[2026-07-22 11:46:03]   [AAPL] page=1 candles=120 more='0' next='1' nrec='120' rsym='DNASAAPL'
[2026-07-22 11:46:15]   [ABNB] page=0 candles=120 more='0' next='1' nrec='120' rsym='DNASABNB'
[2026-07-22 11:46:23]   [AAPL] page=0 candles=120 more='0' next='1' nrec='120' rsym='DNASAAPL'
[2026-07-22 11:46:24]   [AAPL] page=1 candles=120 more='0' next='1' nrec='120' rsym='DNASAAPL'
[2026-07-22 11:46:37]   [ADBE] page=0 candles=120 more='0' next='1' nrec='120' rsym='DNASADBE'
[2026-07-22 11:46:38]   [ADBE] page=1 candles=120 more='0' next='1' nrec='120' rsym='DNASADBE'
[2026-07-22 11:47:32]   [ADBE] page=0 candles=120 more='0' next='1' nrec='120' rsym='DNASADBE'
[2026-07-22 11:47:33]   [ADBE] page=1 candles=120 more='0' next='1' nrec='120' rsym='DNASADBE'
[2026-07-22 13:01:31]   [ADBE] page=0 candles=120 more='0' next='1' nrec='120' rsym='DNASADBE'
[2026-07-22 13:01:31]   [ADBE] page=1 candles=120 more='0' next='1' nrec='120' rsym='DNASADBE'
[2026-07-22 13:02:21]   [AAPL] page=0 candles=120 more='0' next='1' nrec='120' rsym='DNASAAPL'
[2026-07-22 13:02:22]   [AAPL] page=1 candles=120 more='0' next='1' nrec='120' rsym='DNASAAPL'
[2026-07-22 13:02:31]   [NVDA] page=0 candles=120 more='0' next='1' nrec='120' rsym='DNASNVDA'
[2026-07-22 13:02:32]   [NVDA] page=1 candles=120 more='0' next='1' nrec='120' rsym='DNASNVDA'
[2026-07-22 13:02:43]   [AAPL] page=0 candles=120 more='0' next='1' nrec='120' rsym='DNASAAPL'
[2026-07-22 13:02:44]   [AAPL] page=1 candles=120 more='0' next='1' nrec='120' rsym='DNASAAPL'
[2026-07-22 13:04:50]   [CTSH] page=0 candles=120 more='0' next='1' nrec='120' rsym='DNASCTSH'
[2026-07-22 13:09:05]   [CTSH] page=0 candles=120 more='0' next='1' nrec='120' rsym='DNASCTSH'
[2026-07-22 13:22:17]   [ABNB] page=0 candles=120 more='0' next='1' nrec='120' rsym='DNASABNB'
[2026-07-22 13:22:21]   [AAPL] page=0 candles=120 more='0' next='1' nrec='120' rsym='DNASAAPL'
[2026-07-22 13:22:22]   [AAPL] page=1 candles=120 more='0' next='1' nrec='120' rsym='DNASAAPL'
[2026-07-22 13:22:27]   [ABNB] page=0 candles=120 more='0' next='1' nrec='120' rsym='DNASABNB'
[2026-07-22 13:22:29]   [AAPL] page=0 candles=120 more='0' next='1' nrec='120' rsym='DNASAAPL'
[2026-07-22 13:22:30]   [AAPL] page=1 candles=120 more='0' next='1' nrec='120' rsym='DNASAAPL'
[2026-07-22 13:23:22]   [BKNG] page=0 candles=120 more='0' next='1' nrec='120' rsym='DNASBKNG'
[2026-07-22 13:23:22]   [BKNG] page=1 candles=120 more='0' next='1' nrec='120' rsym='DNASBKNG'
[2026-07-22 13:23:33]   [ADI] page=0 candles=120 more='0' next='1' nrec='120' rsym='DNASADI'
[2026-07-22 13:23:34]   [ADI] page=1 candles=120 more='0' next='1' nrec='120' rsym='DNASADI'
[2026-07-22 13:50:18]   [ABNB] page=0 candles=120 more='0' next='1' nrec='120' rsym='DNASABNB'
[2026-07-22 13:50:28]   [ADI] page=0 candles=120 more='0' next='1' nrec='120' rsym='DNASADI'
[2026-07-22 13:50:30]   [ADI] page=1 candles=120 more='0' next='1' nrec='120' rsym='DNASADI'
[2026-07-22 14:03:02]   [AAPL] page=0 candles=120 more='0' next='1' nrec='120' rsym='DNASAAPL'
[2026-07-22 14:03:03]   [AAPL] page=1 candles=120 more='0' next='1' nrec='120' rsym='DNASAAPL'
[2026-07-22 14:03:09]   [ADBE] page=0 candles=120 more='0' next='1' nrec='120' rsym='DNASADBE'
[2026-07-22 14:03:10]   [ADBE] page=1 candles=120 more='0' next='1' nrec='120' rsym='DNASADBE'
[2026-07-22 14:05:32]   [AAPL] page=0 candles=120 more='0' next='1' nrec='120' rsym='DNASAAPL'
[2026-07-22 14:05:33]   [AAPL] page=1 candles=120 more='0' next='1' nrec='120' rsym='DNASAAPL'
[2026-07-22 14:06:36]   [ADBE] page=0 candles=120 more='0' next='1' nrec='120' rsym='DNASADBE'
[2026-07-22 14:06:37]   [ADBE] page=1 candles=120 more='0' next='1' nrec='120' rsym='DNASADBE'
[2026-07-22 14:06:41]   [AAPL] page=0 candles=120 more='0' next='1' nrec='120' rsym='DNASAAPL'
[2026-07-22 14:06:41]   [AAPL] page=1 candles=120 more='0' next='1' nrec='120' rsym='DNASAAPL'
[2026-07-22 14:06:44]   [ADBE] page=0 candles=120 more='0' next='1' nrec='120' rsym='DNASADBE'
[2026-07-22 14:06:44]   [ADBE] page=1 candles=120 more='0' next='1' nrec='120' rsym='DNASADBE'
[2026-07-22 14:06:48]   [ADI] page=0 candles=120 more='0' next='1' nrec='120' rsym='DNASADI'
[2026-07-22 14:06:49]   [ADI] page=1 candles=120 more='0' next='1' nrec='120' rsym='DNASADI'
[2026-07-22 14:07:01]   [ADP] page=0 candles=120 more='0' next='1' nrec='120' rsym='DNASADP'
[2026-07-22 14:09:02]   [AAPL] page=0 candles=120 more='0' next='1' nrec='120' rsym='DNASAAPL'
[2026-07-22 14:09:03]   [AAPL] page=1 candles=120 more='0' next='1' nrec='120' rsym='DNASAAPL'
[2026-07-22 14:19:20]   [AAPL] page=0 candles=120 more='0' next='1' nrec='120' rsym='DNASAAPL'
[2026-07-22 14:19:21]   [AAPL] page=1 candles=120 more='0' next='1' nrec='120' rsym='DNASAAPL'
[2026-07-22 14:19:25]   [ADBE] page=0 candles=120 more='0' next='1' nrec='120' rsym='DNASADBE'
[2026-07-22 14:19:27]   [ADBE] page=1 candles=120 more='0' next='1' nrec='120' rsym='DNASADBE'
[2026-07-22 14:19:34]   [ADI] page=0 candles=120 more='0' next='1' nrec='120' rsym='DNASADI'
[2026-07-22 14:19:35]   [ADI] page=1 candles=120 more='0' next='1' nrec='120' rsym='DNASADI'
[2026-07-22 14:20:15]   [AAPL] page=0 candles=120 more='0' next='1' nrec='120' rsym='DNASAAPL'
[2026-07-22 14:20:16]   [AAPL] page=1 candles=120 more='0' next='1' nrec='120' rsym='DNASAAPL'
[2026-07-22 14:24:22]   [AAPL] page=0 candles=120 more='0' next='1' nrec='120' rsym='DNASAAPL'
[2026-07-22 14:24:23]   [AAPL] page=1 candles=120 more='0' next='1' nrec='120' rsym='DNASAAPL'
[2026-07-22 14:43:03]   [ABNB] page=0 candles=120 more='0' next='1' nrec='120' rsym='DNASABNB'
[2026-07-22 14:43:09]   [CTAS] page=0 candles=120 more='0' next='1' nrec='120' rsym='DNASCTAS'
[2026-07-22 14:43:24]   [WDC] page=0 candles=120 more='0' next='1' nrec='120' rsym='DNASWDC'
[2026-07-22 14:43:25]   [WDC] page=1 candles=120 more='0' next='1' nrec='120' rsym='DNASWDC'
[2026-07-22 14:43:49]   [CTSH] page=0 candles=120 more='0' next='1' nrec='120' rsym='DNASCTSH'
